Deformation[in],Force[kip]
-2.582007038963466,-70.77731848571773
-2.582007038963466,-75.06036842736702
-2.582007038963466,-77.874944103308
-2.582007038963466,-80.93426549020037
-2.5804186003052303,-83.13697688876286
-2.5804186003052303,-86.15550732383
-2.582007038963466,-91.2135853501587
-2.582007038963466,-92.80443247134272
-2.5708879683558115,-63.47573810900127
-2.5724764070140473,-65.27053998931146
-2.5772417229887568,-66.24952283311703
-2.5772417229887568,-67.71799709882535
-2.5772417229887568,-69.1864713645337
-2.5772417229887568,-72.12341989595035
-2.5772417229887568,-73.5918941616587
-2.5772417229887568,-76.52884269307535
-2.5772417229887568,-79.46579122449202
-2.5772417229887568,-88.27663681874202
-2.5772417229887568,-89.74511108445037
-2.567711091039338,-94.31369768887629
-2.5613573364063917,-60.212461962982786
-2.567711091039338,-61.354608614089244
-2.551826704456973,-55.56229345490638
-2.558180459089918,-56.949185816964246
-2.558180459089918,-58.41766008267257
-2.542296072507554,-50.74896113952906
-2.54388451116579,-52.421390164363544
-2.5486498271404994,-53.522745863644815
-2.5391191951910805,-94.64002530347815
-2.5327654405581344,-47.3225211862096
-2.534353879216371,-48.87257735556841
-2.5232348086087155,-43.48817171463787
-2.529588563241661,-45.20139169129757
-2.5152926153175326,-39.816986050367035
-2.5152926153175326,-41.163087460599655
-2.510527299342823,-94.64002530347815
-2.504173544709877,-35.574727060542926
-2.5057619833681137,-37.12478322990174
-2.510527299342823,-38.34851178465868
-2.494642912760458,-31.7403775889712
-2.5009966673934034,-33.4535975656309
-2.4851122808110393,-27.906028117399444
-2.486700719469275,-29.66003904588439
-2.48431806148192,-94.39527959252675
-2.4771700875198563,-24.15326054947812
-2.4771700875198563,-25.62173481518647
-2.4676394555704366,-21.216312018061473
-2.4676394555704366,-22.562413428294093
-2.472404771545146,-26.845463369943417
-2.458108823621018,-18.03461777569342
-2.462874139595727,-19.74783775235312
-2.4533435076463084,-94.15053388157537
-2.448578191671599,-13.384449267617015
-2.448578191671599,-14.730550677849664
-2.4533435076463084,-16.32139779903369
-2.4374591210639434,-10.28433692889945
-2.4390475597221792,-11.915975001908691
-2.4279284891145245,-7.673716012084611
-2.424751611798051,-94.15053388157537
-2.4152209798486313,-2.61563798575591
-2.4199862958233416,-4.4512308178913145
-2.424751611798051,-5.5525865171725854
-2.408867225215686,-0.4945084908438844
-2.400925031924503,1.7897848113690884
-2.3961597159497936,-93.98737007427445
-2.3898059613168474,4.971479053737141
-2.3961597159497936,3.258259077077412
-2.3818637680256645,8.642664718007978
-2.3802753293674286,6.8478628376977895
-2.3723331360762456,10.111138983716302
-2.367567820101536,-93.74262436332305
-2.36121406546859,13.048087515132977
-2.367567820101536,11.579613249424654
-2.353271872177407,15.128426058219787
-2.3421528015697524,17.77983792685984
-2.3485065562026977,16.474527468452436
-2.338975924253279,-93.66104245967259
-2.3342106082785694,20.02334027724757
-2.3246799763291497,21.614187398431596
-2.3103840284050214,24.306390218896865
-2.3199146603544403,22.837915953188542
-2.3103840284050214,-93.57946055602213
-2.305618712430312,26.019610195556595
-2.2960880804808923,27.977575883167702
-2.2865574485314735,29.935541570778824
-2.281792132556764,-93.41629674872121
-2.275438377923818,31.89350725838993
-2.257965552683216,34.46333722337951
-2.2627308686579255,32.872490102195485
-2.2532002367085067,-93.25313294142029
-2.2468464820755605,36.38051195916539
-2.2309620954931946,38.3384776467765
-2.2246083408602493,-93.00838723046888
-2.21984302488554,40.21486143073716
-2.2087239542778843,41.76491760009594
-2.196016445011992,-92.92680532681842
-2.1883919394524565,44.08184366376911
-2.1674245491637345,46.33350420452187
-2.1674245491637345,-92.92680532681842
-2.148363285264896,48.29146989213298
-2.138832653315477,-92.60047771221656
-2.1293020213660574,49.88231701331702
-2.1102407574672197,51.350791279025344
-2.1102407574672197,-92.35573200126518
-2.091179493568381,53.02322030385983
-2.0816488616189623,-92.19256819396426
-2.0721182296695426,54.41011266591771
-2.053056965770705,-92.19256819396426
-2.0435263338212852,56.12333264257744
-2.0244650699224476,-91.94782248301286
-2.014934437973028,57.59180690828576
-1.9958731740741902,-91.70307677206148
-1.9863425421247705,59.0602811739941
-1.9672812782259328,-91.62149486841099
-1.9601333042638682,60.40638258422673
-1.9363067243903203,-63.067828590748974
-1.941866259694149,-66.98375996597119
-1.9434546983523848,-68.69697994263092
-1.9434546983523848,-70.41019991929065
-1.9434546983523848,-72.24579275142605
-1.941866259694149,-74.2445493908624
-1.9434546983523848,-76.03935127117259
-1.9434546983523848,-77.50782553688092
-1.9434546983523848,-78.97629980258924
-1.9434546983523848,-80.81189263472467
-1.9434546983523848,-82.280366900433
-1.9434546983523848,-83.87121402161702
-1.9386893823776754,-86.07392542017953
-1.9386893823776754,-87.70556349318878
-1.9386893823776754,-89.25561966254759
-1.9386893823776754,-91.50728020330038
-1.9291587504282557,61.83406589810984
-1.9291587504282557,-55.847830117683
-1.9291587504282557,-57.60184104616795
-1.9267760924409014,-59.274270071002434
-1.933924066402966,-60.62037148123508
-1.9386893823776754,-61.84410003599203
-1.9386893823776754,-64.7810485674087
-1.9291587504282557,-93.00838723046888
-1.9267760924409014,-94.51765244800245
-1.9177219920889526,-50.781593900989236
-1.9196281184788369,-52.706926827140165
-1.9196281184788369,-54.17540109284849
-1.910097486529418,-47.15935737890868
-1.910097486529418,-48.62783164461703
-1.9124801445167723,-87.29765397493648
-1.9077148285420629,-89.62273822897467
-1.910097486529418,-91.37674915745961
-1.9005668545799983,62.813048741915395
-1.898184196592644,-44.34478170296771
-1.9005668545799983,-46.01721072780222
-1.910097486529418,-55.970202973158706
-1.898184196592644,-92.68205961586702
-1.9029495125673535,-94.51765244800245
-1.8910362226305795,-39.93935890584271
-1.8910362226305795,-41.611787930677224
-1.887859345314106,-43.08026219638555
-1.9005668545799983,-50.096305910325356
-1.9005668545799983,-51.3200344650823
-1.8795994642912763,-36.19474952828648
-1.8815055906811606,-38.185347977357765
-1.8910362226305795,-48.13834022271425
-1.8815055906811606,-87.21607207128599
-1.8815055906811606,-88.7661282406448
-1.8815055906811606,-90.23460250635313
-1.8695923007443866,63.83282253754618
-1.8695923007443866,-32.35224186634966
-1.871974958731741,-34.1062527948346
-1.871974958731741,-91.70307677206148
-1.871974958731741,-93.1715510377698
-1.871974958731741,-94.39527959252675
-1.8605382003924378,-29.34186962164759
-1.862444326782322,-31.250886167068415
-1.871974958731741,-39.57224033941563
-1.871974958731741,-40.795968894172574
-1.850531036845548,-27.212581936370498
-1.862444326782322,-35.90105467514479
-1.8529136948329032,-87.05290826398507
-1.8529136948329032,-89.09245585524667
-1.8529136948329032,-90.56093012095499
-1.8433830628834835,64.56705967040035
-1.8414769364935992,-22.880582852530893
-1.8433830628834835,-24.642751971380903
-1.8529136948329032,-25.62173481518647
-1.8529136948329032,-32.47461472182536
-1.8433830628834835,-92.19256819396426
-1.8433830628834835,-94.15053388157537
-1.8314697729467104,-19.38071918592604
-1.8338524309340647,-20.971566307110066
-1.8433830628834835,-29.537666190408686
-1.8224156725947616,-16.517194367794787
-1.8243217989846459,-18.03461777569342
-1.8243217989846459,-87.05290826398507
-1.8243217989846459,-89.25561966254759
-1.8243217989846459,-90.72409392825591
-1.8147911670352261,65.58683346603114
-1.8147911670352261,-12.89495784571423
-1.8195564830099364,-14.363432111422583
-1.8147911670352261,-92.19256819396426
-1.8166972934251104,-94.05263559719481
-1.802877877098453,-9.77445003108403
-1.8100258510605167,-11.426483580005907
-1.7938237767465042,-6.776315071929531
-1.8052605350858073,-8.489535048589232
-1.7957299031363885,-86.8081625530337
-1.7957299031363885,-89.25561966254759
-1.7957299031363885,-90.72409392825591
-1.7861992711869688,66.23948869523484
-1.790964587161679,-4.573603673367018
-1.7861992711869688,-92.19256819396426
-1.7861992711869688,-93.66104245967259
-1.77666863923755,-1.330723003261113
-1.7814339552122593,-3.105129407658694
-1.767138007288131,1.1779205339906298
-1.767138007288131,-86.56341684208232
-1.767138007288131,-89.25561966254759
-1.767138007288131,-90.72409392825591
-1.7576073753387114,67.01451677991423
-1.760784252655185,3.4214228843783303
-1.7576073753387114,-92.19256819396426
-1.7576073753387114,-93.66104245967259
-1.751253620705766,7.011026644998736
-1.752842059364002,5.338597620164222
-1.7417229887563472,9.132156139910762
-1.7385461114398737,-86.4002530347814
-1.7366399850499894,-89.45141623130868
-1.7385461114398737,-91.37674915745961
-1.729015479490454,67.70796296094316
-1.7271093531005697,12.656494377610755
-1.7337807954651643,10.845376116570492
-1.729015479490454,-93.66104245967259
-1.7242501635157446,14.761307491792707
-1.7099542155916163,16.658086751665962
-1.7099542155916163,-86.07392542017953
-1.7099542155916163,-88.7661282406448
-1.7099542155916163,-90.23460250635313
-1.7099542155916163,-91.70307677206148
-1.7004235836421966,68.36061819014688
-1.7004235836421966,18.67723886701492
-1.7004235836421966,-93.1715510377698
-1.6908929516927778,20.51283169915034
-1.6794561933534746,22.837915953188542
-1.681362319743359,-86.07392542017953
-1.6789796617560038,-88.8885010961205
-1.681362319743359,-90.56093012095499
-1.681362319743359,-92.02940438666334
-1.6718316877939392,69.01327341935058
-1.669449029806585,24.8570680685375
-1.669449029806585,-93.2939238932455
-1.659918397857166,26.631474472935068
-1.6503877659077464,28.283508021856946
-1.6527704238951015,-85.91076161287862
-1.6527704238951015,-88.27663681874202
-1.6527704238951015,-89.74511108445037
-1.6527704238951015,-91.2135853501587
-1.6413336655557975,69.33960103395243
-1.6432397919456818,30.1802872817302
-1.6432397919456818,-92.68205961586702
-1.6313265020089087,31.64876154743854
-1.6289438440215536,33.36198152409827
-1.6305322826797894,28.71181301602188
-1.6241785280468441,-85.82917970922813
-1.6222724016569599,-88.47243338750312
-1.6241785280468441,-90.39776631365405
-1.6241785280468441,-91.8662405793624
-1.6146478960974244,69.9514653113309
-1.6127417697075401,35.417845496089924
-1.6122652381100702,-92.92680532681842
-1.6114710187809518,31.64876154743854
-1.6003519481732962,37.522658610271876
-1.5955866321985868,-85.66601590192721
-1.5955866321985868,-87.78714539683926
-1.5955866321985868,-89.25561966254759
-1.5955866321985868,-90.72409392825591
-1.586056000249167,70.44095673323368
-1.586056000249167,39.41943787014513
-1.5924097548821132,34.09621865695243
-1.586056000249167,-92.19256819396426
-1.5669947363503294,41.68333569644548
-1.5765253682997482,36.05418434456354
-1.5669947363503294,-85.50285209462629
-1.5669947363503294,-87.78714539683926
-1.5669947363503294,-89.25561966254759
-1.5669947363503294,-90.72409392825591
-1.5550814464135554,70.80807529966077
-1.5606409817173832,37.84898622487373
-1.5574641044009097,-92.19256819396426
-1.5479334724514908,43.641301384056604
-1.538402840502072,45.10977564976493
-1.5431681564767814,39.725370008834375
-1.538402840502072,-85.25810638367489
-1.538402840502072,-87.78714539683926
-1.538402840502072,-89.25561966254759
-1.538402840502072,-90.72409392825591
-1.5312548665400074,71.05282101061215
-1.5288722085526523,-92.02940438666334
-1.5193415766032334,46.700622770948954
-1.5241068925779429,41.43858998549409
-1.5098109446538146,-85.09494257637397
-1.5074282866664594,-87.90951825231494
-1.5098109446538146,-89.58194727714945
-1.5098109446538146,-91.05042154285778
-1.5002803127043949,71.62389433616539
-1.5002803127043949,48.53621560308437
-1.5050456286791052,42.90706425120243
-1.5002803127043949,-91.82544962753718
-1.4812190488055572,50.00468986879271
-1.4812190488055572,44.865029938813535
-1.4812190488055572,-84.7686149617721
-1.4812190488055572,-87.29765397493648
-1.4812190488055572,-88.7661282406448
-1.4812190488055572,-90.23460250635313
-1.4716884168561375,71.86864004711678
-1.4716884168561375,-91.70307677206148
-1.4621577849067187,51.47316413450105
-1.4573924689320092,46.455877059997576
-1.4526271529572998,-84.60545115447118
-1.4526271529572998,-87.29765397493648
-1.4526271529572998,-88.7661282406448
-1.4526271529572998,-90.23460250635313
-1.44309652100788,72.2765495653691
-1.4411903946179958,53.18638411116076
-1.44309652100788,-91.70307677206148
-1.4383312050331707,47.80197847023021
-1.4240352571090424,-84.52386925082072
-1.4221291307191581,-87.49345054369758
-1.4240352571090424,-89.4187834698485
-1.4240352571090424,-90.88725773555683
-1.4145046251596227,72.60287717997095
-1.4125984987697384,54.36116352372744
-1.4240352571090424,53.18638411116076
-1.4145046251596227,49.27045273593855
-1.39306070327343,56.000959787101735
-1.395443361260785,-84.11595973256843
-1.39306070327343,-86.9305354085094
-1.395443361260785,-88.60296443334389
-1.395443361260785,-90.07143869905224
-1.395443361260785,-91.37674915745961
-1.383530071324011,72.76604098727188
-1.3859127293113653,55.14434979877187
-1.3859127293113653,50.98367271259826
-1.3649453390226434,57.10231548638299
-1.3668514654125277,-84.11595973256843
-1.3668514654125277,-86.31867113113091
-1.3668514654125277,-87.78714539683926
-1.3668514654125277,-89.25561966254759
-1.3668514654125277,-91.2135853501587
-1.357320833463108,73.25553240917466
-1.357320833463108,52.4521469783066
-1.336353443174386,58.570789752091315
-1.3382595695642703,57.10231548638299
-1.3382595695642703,-83.87121402161702
-1.3382595695642703,-86.31867113113091
-1.3382595695642703,-87.78714539683926
-1.3382595695642703,-89.25561966254759
-1.3382595695642703,-91.2135853501587
-1.3287289376148506,73.82660573472789
-1.3287289376148506,72.76604098727188
-1.3287289376148506,53.920621244014924
-1.3077615473261286,59.54977259589688
-1.3191983056654317,58.081298330188545
-1.309667673716013,-83.7080502143161
-1.309667673716013,-86.31867113113091
-1.309667673716013,-87.78714539683926
-1.309667673716013,-89.25561966254759
-1.3120503317033672,-90.96883963920732
-1.2982309153767089,73.84292211545798
-1.3001370417665932,55.38909550972326
-1.2937832871336479,-57.765004853468895
-1.2953717257918838,-59.641388637429515
-1.2953717257918838,-61.109862903137866
-1.2953717257918838,-62.57833716884619
-1.2953717257918838,-64.04681143455451
-1.2953717257918838,-65.51528570026287
-1.2953717257918838,-66.98375996597119
-1.2953717257918838,-68.45223423167954
-1.2953717257918838,-70.16545420833924
-1.2953717257918838,-71.6339284740476
-1.2953717257918838,-73.10240273975592
-1.2953717257918838,-74.57087700546424
-1.2953717257918838,-76.03935127117259
-1.2953717257918838,-77.50782553688092
-1.2929890678045295,-79.09867265806494
-1.2786931198804004,60.89587400612952
-1.2834584358551098,59.18265402946979
-1.2810757778677555,-45.28297359494806
-1.284252655184229,-54.17540109284849
-1.285841093842465,-55.970202973158706
-1.2810757778677555,-83.46330450336472
-1.2810757778677555,-85.82917970922813
-1.2810757778677555,-87.29765397493648
-1.2810757778677555,-88.7661282406448
-1.2810757778677555,-90.72409392825591
-1.273927803905691,73.98976954202882
-1.2715451459183358,56.368078353528816
-1.2747220232348093,-50.42263352492722
-1.276310461893046,-52.05427159793646
-1.2715451459183358,-79.38420932084156
-1.2667798299436264,-46.669865957005925
-1.2651913912853905,-48.464667837316114
-1.2505777556296138,61.80143313664965
-1.2548665400068524,60.03926401779965
-1.2572491979942075,-42.264443159880926
-1.2572491979942075,-43.73291742558925
-1.2524838820194981,-45.28297359494806
-1.2524838820194981,-83.0553949851124
-1.2524838820194981,-85.82917970922813
-1.2524838820194981,-87.29765397493648
-1.2524838820194981,-88.7661282406448
-1.2524838820194981,-90.72409392825591
-1.241047123680194,74.28346439517048
-1.2429532500700784,57.42864310098483
-1.2477185660447887,-37.8590203627559
-1.2477185660447887,-39.32749462846425
-1.2524838820194981,-40.795968894172574
-1.2429532500700784,-79.22104551354064
-1.238187934095369,-34.92207183133925
-1.238187934095369,-36.390546097047576
-1.2219858597813564,62.7804159804552
-1.226274644158595,61.018246861605206
-1.2238919861712407,-30.455462606476402
-1.2286573021459501,-32.229869010873955
-1.2334226181206596,-33.4535975656309
-1.2238919861712407,-45.69088311320036
-1.2238919861712407,-82.89223117781148
-1.2238919861712407,-85.82917970922813
-1.2238919861712407,-87.29765397493648
-1.2238919861712407,-88.7661282406448
-1.2238919861712407,-90.23460250635313
-1.2162674806117053,74.33241353736076
-1.214361354221821,58.570789752091315
-1.2191266701965313,-27.090209080894795
-1.2191266701965313,-28.558683346603146
-1.214361354221821,-79.05788170623973
-1.2080075995888757,-24.316424356779038
-1.214361354221821,-25.62173481518647
-1.1929174323356282,63.83282253754618
-1.1976827483103376,62.11960256088646
-1.2000654062976928,-19.258346330450365
-1.2000654062976928,-20.72682059615869
-1.2000654062976928,-22.072922006391337
-1.1953000903229833,-45.935628824151735
-1.193393963933099,-82.89223117781148
-1.1953000903229833,-85.33968828732537
-1.1953000903229833,-86.8081625530337
-1.1953000903229833,-88.27663681874202
-1.1972062167128676,-90.1367042219726
-1.1857694583735636,75.29508000043623
-1.1857694583735636,74.23451525298022
-1.1857694583735636,59.468190692246424
-1.1889463356900372,-16.15823399173277
-1.190534774348274,-17.912244920217717
-1.1857694583735636,-78.73155409163786
-1.1810041423988542,-12.405466423811475
-1.1810041423988542,-13.751567834044096
-1.166708194474726,64.93417823682744
-1.166708194474726,62.97621254921633
-1.166708194474726,-9.10139932596772
-1.1762388264241448,-10.936992158103124
-1.166708194474726,-46.18037453510314
-1.1690908524620802,-82.64748546686008
-1.166708194474726,-85.33968828732537
-1.166708194474726,-86.8081625530337
-1.166708194474726,-88.27663681874202
-1.166708194474726,-89.74511108445037
-1.1590836889151905,74.82190495926353
-1.1571775625253062,60.52875543970244
-1.1571775625253062,-5.22625890257072
-1.1619428785000165,-7.021060782880909
-1.1571775625253062,-78.73155409163786
-1.150823807892361,-2.4524741784549917
-1.1571775625253062,-4.084112251464234
-1.1357336406391134,65.30129680325452
-1.1404989566138228,63.5880768265948
-1.141293175942942,-0.2497627798924782
-1.1381162986264686,-46.42512024605452
-1.1381162986264686,-82.4027397559087
-1.1362101722365843,-85.53548485608647
-1.1381162986264686,-87.4608177822374
-1.1381162986264686,-88.92929204794572
-1.1476469305758874,-89.74511108445037
-1.1262030086896946,75.21349809678577
-1.1285856666770488,61.42615637985753
-1.1285856666770488,3.503004788028818
-1.1333509826517592,1.9121576668447915
-1.1285856666770488,-78.32364457338556
-1.1222319120441036,6.0320438011931685
-1.1285856666770488,4.726733342785764
-1.1076182763883269,65.71736451187188
-1.1119070607655654,63.95519539302188
-1.1142897187529206,8.275546151580897
-1.1095244027782112,-46.58828405335544
-1.1095244027782112,-81.91324833400591
-1.1095244027782112,-84.85019686542259
-1.1095244027782112,-86.31867113113091
-1.1095244027782112,-87.78714539683926
-1.1095244027782112,-89.25561966254759
-1.1023764288161466,75.45824380773716
-1.0999937708287915,62.07881160906122
-1.103170648145265,11.334867538473247
-1.1095244027782112,9.621647561813546
-1.0999937708287915,-78.07889886243416
-1.0936400161958462,13.455997033385302
-1.0785498489425986,66.76977106896285
-1.082838633319838,64.93417823682744
-1.0841093842464273,15.821872239248734
-1.0809325069299538,-47.07777547525822
-1.0809325069299538,-81.58692071940405
-1.0809325069299538,-84.85019686542259
-1.0809325069299538,-86.31867113113091
-1.0809325069299538,-87.78714539683926
-1.0809325069299538,-89.25561966254759
-1.071401874980534,75.70298951868854
-1.071401874980534,62.89463064556587
-1.0745787522970076,18.269329348762625
-1.071401874980534,-77.7525712478323
-1.0618712430311152,20.57401812688819
-1.0499579530943413,67.25926249086562
-1.0542467374715807,65.4236696587302
-1.0571059270564058,22.348424531285758
-1.0523406110816964,-47.40410308986009
-1.0523406110816964,-81.42375691210313
-1.0523406110816964,-84.3607054435198
-1.0523406110816964,-85.82917970922813
-1.0523406110816964,-87.29765397493648
-1.0523406110816964,-88.7661282406448
-1.0428099791322767,75.70298951868854
-1.0428099791322767,63.62886777842003
-1.0459868564487502,24.143226411595947
-1.0428099791322767,-77.5894074405314
-1.0380446631575673,26.264355906507987
-1.0213660572460839,67.74875391276841
-1.0261313732207933,66.03553393610868
-1.0285140312081484,27.73283017221631
-1.023748715233439,-48.21992212636471
-1.023748715233439,-81.42375691210313
-1.023748715233439,-84.3607054435198
-1.023748715233439,-85.82917970922813
-1.023748715233439,-87.29765397493648
-1.023748715233439,-88.68454633699434
-1.0142180832840193,75.94773522963993
-1.0142180832840193,64.68943252587604
-1.0189833992587296,29.32367729340035
-1.0142180832840193,-77.50782553688092
-1.0094527673093099,30.792151559108675
-0.9927741613978265,68.23824533467118
-0.9951568193851816,66.52502535801146
-0.999922135359891,32.26062582481701
-0.9951568193851816,-49.117323066519816
-0.9951568193851816,-81.26059310480221
-0.9951568193851816,-84.3607054435198
-0.9951568193851816,-85.82917970922813
-0.9951568193851816,-87.29765397493648
-0.9951568193851816,-88.52138252969343
-0.9856261874357619,76.19248094059132
-0.9856261874357619,64.68943252587604
-0.9903915034104722,33.72910009052535
-0.9856261874357619,-77.42624363323046
-0.9808608714610525,35.56469292266077
-0.9641822655495691,68.72773675657396
-0.9665649235369242,67.05530773173948
-0.9665649235369242,65.50525156238066
-0.9665649235369242,-49.93314210302444
-0.9665649235369242,-80.93426549020037
-0.9641822655495691,-84.48307829899551
-0.9665649235369242,-86.15550732383
-0.9665649235369242,-87.54239968588786
-0.9713302395116337,-88.52138252969343
-0.9570342915875045,76.19248094059132
-0.9617996075622148,37.522658610271876
-0.9570342915875045,-77.26307982592954
-0.9355903697013117,69.21722817847674
-0.9379730276886669,67.38163534634133
-0.9403556856760211,65.91316108063299
-0.9427383436633763,39.97011571978577
-0.9379730276886669,-51.15687065778138
-0.9379730276886669,-80.93426549020037
-0.9379730276886669,-83.87121402161702
-0.9379730276886669,-85.33968828732537
-0.9379730276886669,-86.8081625530337
-0.9379730276886669,-88.03189110779064
-0.9284423957392471,76.51880855519317
-0.9284423957392471,-76.93675221132767
-0.9220886411063018,41.76491760009594
-0.9074750054505252,69.68224502928437
-0.9093811318404095,67.70796296094316
-0.9117637898277637,66.40265250253577
-0.9093811318404095,-52.29901730888787
-0.9074750054505252,-80.93426549020037
-0.9093811318404095,-83.87121402161702
-0.9093811318404095,-85.33968828732537
-0.9093811318404095,-86.8081625530337
-0.9093811318404095,-88.03189110779064
-0.8998504998909898,76.68197236249411
-0.9046158158657001,43.641301384056604
-0.8998504998909898,-76.69200650037627
-0.8784065780047969,70.1962110222823
-0.8807892359921521,68.52378199744781
-0.8831718939795064,67.01451677991423
-0.8855545519668615,45.23214850524063
-0.8807892359921521,-53.27800015269341
-0.8807892359921521,-80.44477406829759
-0.8807892359921521,-83.38172259971424
-0.8807892359921521,-84.85019686542259
-0.8807892359921521,-86.31867113113091
-0.8807892359921521,-87.62398158953835
-0.8712586040427324,76.92671807344549
-0.8712586040427324,-76.20251507847351
-0.866493288068023,46.700622770948954
-0.8521973401438947,70.80807529966077
-0.8521973401438947,69.33960103395243
-0.854103466533779,67.47953363072187
-0.8521973401438947,-54.74647441840176
-0.8521973401438947,-80.3631921646471
-0.8498146821565395,-83.50409545518994
-0.8521973401438947,-85.17652448002445
-0.8521973401438947,-86.64499874573278
-0.8521973401438947,-87.95030920414015
-0.842666708194475,77.17146378439688
-0.842666708194475,48.29146989213298
-0.842666708194475,-76.03935127117259
-0.821699317905753,70.61227873089965
-0.8236054442956373,68.68694580474873
-0.8283707602703467,67.6263810572927
-0.8236054442956373,-56.214948684110084
-0.8212227863082822,-79.8329097909191
-0.8283707602703467,-80.93426549020037
-0.8236054442956373,-82.89223117781148
-0.8236054442956373,-84.3607054435198
-0.8236054442956373,-85.82917970922813
-0.8259881022829916,-87.54239968588786
-0.8116921543588633,77.17146378439688
-0.8188401283209279,49.75994415784132
-0.8140748123462176,-75.87618746387167
-0.7926308904600248,71.17519386608785
-0.7950135484473799,69.50276484125337
-0.7997788644220893,68.36061819014688
-0.7950135484473799,51.228418423549655
-0.7950135484473799,-57.60184104616795
-0.7950135484473799,-79.13946360989016
-0.7950135484473799,-80.44477406829759
-0.7950135484473799,-82.89223117781148
-0.7950135484473799,-84.3607054435198
-0.7950135484473799,-85.82917970922813
-0.7950135484473799,-87.29765397493648
-0.7878655744853154,77.41620949534827
-0.7854829164979602,-75.71302365657073
-0.7664216525991225,71.78705814346633
-0.7664216525991225,70.31858387775799
-0.7664216525991225,68.93169151570011
-0.7664216525991225,52.69689268925799
-0.771186968573832,-58.78477864909968
-0.7664216525991225,-79.13946360989016
-0.771186968573832,-80.44477406829759
-0.7664216525991225,-82.89223117781148
-0.7664216525991225,-84.3607054435198
-0.7664216525991225,-85.82917970922813
-0.7664216525991225,-87.29765397493648
-0.7568910206497028,77.66095520629966
-0.7568910206497028,-75.38669604196889
-0.747360388700284,-60.1308800593323
-0.7378297567508652,71.78705814346633
-0.7378297567508652,70.31858387775799
-0.7378297567508652,69.09485532300104
-0.7378297567508652,54.165366954966316
-0.7378297567508652,-79.46579122449202
-0.7378297567508652,-82.4027397559087
-0.7378297567508652,-83.87121402161702
-0.7378297567508652,-85.33968828732537
-0.7378297567508652,-86.8081625530337
-0.7282991248014454,77.66095520629966
-0.7282991248014454,-75.22353223466794
-0.7187684928520266,-61.59935432504065
-0.7092378609026078,72.2765495653691
-0.7092378609026078,70.80807529966077
-0.7092378609026078,69.50276484125337
-0.7092378609026078,55.38909550972326
-0.7092378609026078,-79.46579122449202
-0.7092378609026078,-82.4027397559087
-0.7092378609026078,-83.87121402161702
-0.7092378609026078,-85.33968828732537
-0.7092378609026078,-86.8081625530337
-0.699707228953188,77.66095520629966
-0.699707228953188,-74.97878652371656
-0.6901765970037692,-63.067828590748974
-0.6806459650543504,72.76604098727188
-0.6806459650543504,71.29756672156354
-0.6806459650543504,69.99225626315614
-0.6806459650543504,56.449660257179275
-0.6830286230417046,-79.22104551354064
-0.6806459650543504,-82.4027397559087
-0.6806459650543504,-83.87121402161702
-0.6806459650543504,-85.33968828732537
-0.6806459650543504,-86.56341684208232
-0.6711153331049307,77.66095520629966
-0.6711153331049307,-74.65245890911473
-0.6592020431681567,-63.98562500681669
-0.6501479428162087,72.57024441851077
-0.652054069206093,70.72649339601031
-0.6615847011555118,70.0738381668066
-0.652054069206093,57.42864310098483
-0.6496714112187378,-78.97629980258924
-0.6501479428162087,-82.5985363246698
-0.652054069206093,-84.52386925082072
-0.652054069206093,-85.99234351652905
-0.6615847011555118,-86.56341684208232
-0.6425234372566733,77.66095520629966
-0.640617310866789,-48.52993336023647
-0.6472887532313836,-50.58579733222814
-0.6472887532313836,-52.05427159793646
-0.652054069206093,-53.03325444174203
-0.652054069206093,-54.501728707450354
-0.652054069206093,-55.970202973158706
-0.652054069206093,-57.43867723886703
-0.652054069206093,-58.90715150457535
-0.652054069206093,-60.375625770283705
-0.652054069206093,-61.84410003599203
-0.6425234372566733,-66.12714997764132
-0.640140779269319,-68.14630209299028
-0.640140779269319,-74.57087700546424
-0.6329928053072544,-43.16184410003601
-0.636169682623728,-45.36455549859849
-0.6425234372566733,-46.669865957005925
-0.6234621733578356,73.25553240917466
-0.6234621733578356,71.78705814346633
-0.6234621733578356,70.56332958870938
-0.6234621733578356,58.24446213748948
-0.6234621733578356,-40.30647747226979
-0.6329928053072544,-41.77495173797814
-0.6234621733578356,-78.97629980258924
-0.6234621733578356,-81.91324833400591
-0.6234621733578356,-83.38172259971424
-0.6234621733578356,-84.85019686542259
-0.6234621733578356,-86.15550732383
-0.6139315414084159,77.66095520629966
-0.6139315414084159,-36.75766466347466
-0.6186968573831262,-38.59325749561009
-0.6139315414084159,-67.1469237732721
-0.6186968573831262,-68.57460708715521
-0.6139315414084159,-74.1221765353867
-0.6024947830691127,-31.78932673116148
-0.6091662254337065,-33.4535975656309
-0.6091662254337065,-34.92207183133925
-0.5929641511196939,73.1576341247941
-0.5948702775095782,71.29756672156354
-0.604400909458997,70.56332958870938
-0.5948702775095782,58.897117366693166
-0.5929641511196939,-27.775497071558675
-0.5996355934842876,-29.782411901360092
-0.5948702775095782,-78.48680838068648
-0.5929641511196939,-82.10904490276701
-0.5948702775095782,-84.03437782891794
-0.5948702775095782,-85.50285209462629
-0.604400909458997,-86.07392542017953
-0.5853396455601585,77.74253710995012
-0.5829569875728042,-24.275633404953822
-0.5901049615348688,-25.62173481518647
-0.5853396455601585,-67.71799709882535
-0.5853396455601585,-72.939238932455
-0.5853396455601585,-74.40771319816332
-0.5758090136107397,-19.870210607828824
-0.5734263556233845,-21.705803439964257
-0.5853396455601585,-22.684786283769796
-0.5638957236739657,73.68383740333958
-0.5662783816613208,72.03180385441772
-0.5710436976360302,71.05282101061215
-0.5662783816613208,59.7129364031978
-0.5643722552714365,-16.027702945892003
-0.5710436976360302,-18.03461777569342
-0.5662783816613208,-77.7525712478323
-0.5662783816613208,-78.97629980258924
-0.5662783816613208,-81.42375691210313
-0.5662783816613208,-82.89223117781148
-0.5662783816613208,-84.3607054435198
-0.5662783816613208,-85.82917970922813
-0.5567477497119011,78.06886472455197
-0.5567477497119011,-13.547613074917933
-0.5586538761017854,-68.06064109415729
-0.5567477497119011,-72.44974751055221
-0.5567477497119011,-74.16296748721194
-0.5472171177624823,-9.10139932596772
-0.5472171177624823,-10.936992158103124
-0.5567477497119011,-12.405466423811475
-0.5376864858130634,74.23451525298022
-0.5376864858130634,72.92920479457281
-0.5376864858130634,71.54231243251493
-0.5376864858130634,60.202427825100585
-0.5376864858130634,-5.430213661696882
-0.5376864858130634,-7.102642686531368
-0.5376864858130634,-69.26805326818416
-0.5376864858130634,-77.67098934418183
-0.5376864858130634,-78.97629980258924
-0.5353038278257083,-81.54612976757883
-0.5376864858130634,-83.21855879241335
-0.5376864858130634,-84.68703305812167
-0.5424518017877729,-85.82917970922813
-0.5281558538636437,78.15044662820243
-0.5281558538636437,-3.105129407658694
-0.5281558538636437,-67.39166948422351
-0.5281558538636437,-72.28658370325127
-0.5281558538636437,-73.91822177626057
-0.5167190955243406,0.22341226128020253
-0.5233905378889343,-1.3919094309989646
-0.509094589964806,74.23451525298022
-0.5071884635749218,72.37444784974966
-0.5186252219142249,71.54231243251493
-0.509094589964806,60.822450292844096
-0.5071884635749218,2.7687676551746563
-0.509094589964806,-70.24703611198973
-0.5067119319774509,-77.81375767557014
-0.5138599059395155,-78.97629980258924
-0.509094589964806,-80.93426549020037
-0.509094589964806,-82.4027397559087
-0.509094589964806,-83.87121402161702
-0.509094589964806,-85.33968828732537
-0.49956395801538633,78.15044662820243
-0.49956395801538633,6.072834753018384
-0.509094589964806,4.726733342785764
-0.49956395801538633,-67.06534186962168
-0.49956395801538633,-72.12341989595035
-0.49956395801538633,-73.5918941616587
-0.49321020338244104,8.316337103406113
-0.49956395801538633,1.3002933894663045
-0.48050269411654867,74.23451525298022
-0.48050269411654867,72.2765495653691
-0.48050269411654867,61.67090209080892
-0.48050269411654867,10.926958020220951
-0.48050269411654867,-71.38918276309619
-0.48050269411654867,-77.26307982592954
-0.48050269411654867,-78.48680838068648
-0.48050269411654867,-80.93426549020037
-0.48050269411654867,-82.4027397559087
-0.48050269411654867,-83.87121402161702
-0.48050269411654867,-85.25810638367489
-0.47097206216712895,78.15044662820243
-0.47097206216712895,13.659951792511464
-0.48050269411654867,12.069104671327437
-0.48050269411654867,9.37690185086214
-0.47097206216712895,-66.90217806232073
-0.47097206216712895,-73.3471484507073
-0.46461830753418365,15.821872239248734
-0.44952814028093613,74.11214239750451
-0.4538169246581756,72.22760042317883
-0.4519107982682913,62.32355732001261
-0.4519107982682913,18.00418816189861
-0.450004671878407,-72.5150130334726
-0.4519107982682913,-77.01833411497813
-0.4519107982682913,-78.48680838068648
-0.44952814028093613,-81.05663834567605
-0.4519107982682913,-82.72906737051056
-0.4519107982682913,-84.19754163621889
-0.4566761142430007,-85.09494257637397
-0.44238016631887156,78.15044662820243
-0.44238016631887156,20.268085988198962
-0.44238016631887156,-66.4942685440684
-0.4328495343694527,22.51158833858669
-0.4233189024200339,74.72400667488299
-0.4233189024200339,72.76604098727188
-0.4233189024200339,62.813048741915395
-0.4233189024200339,24.143226411595947
-0.4233189024200339,-71.71551037769805
-0.42093624443267874,-73.53070773392085
-0.4233189024200339,-77.09991601862862
-0.4233189024200339,-78.405226477036
-0.4233189024200339,-80.44477406829759
-0.4233189024200339,-81.91324833400591
-0.4233189024200339,-83.38172259971424
-0.4233189024200339,-84.68703305812167
-0.4137882704706142,78.63993805010521
-0.4137882704706142,25.774864484605203
-0.4137882704706142,-66.16794092946657
-0.40902295449590476,27.24333875031354
-0.3947270065717765,74.72400667488299
-0.3947270065717765,72.76604098727188
-0.39710966455913077,63.220958260167706
-0.3994923225464859,28.834185871497567
-0.3947270065717765,-71.38918276309619
-0.3947270065717765,-72.85765702880454
-0.3947270065717765,-74.73404081276516
-0.3947270065717765,-76.52884269307535
-0.3947270065717765,-77.9973169587837
-0.3947270065717765,-80.44477406829759
-0.3947270065717765,-81.91324833400591
-0.3947270065717765,-83.38172259971424
-0.3947270065717765,-84.60545115447118
-0.3828137166350025,78.70112447784305
-0.3899616905970671,30.302660137205905
-0.3851963746223568,-66.00477712216565
-0.38043105864764737,31.64876154743854
-0.3661351107235191,75.21349809678577
-0.3661351107235191,73.74502383107743
-0.3661351107235191,72.52129527632049
-0.3661351107235191,63.95519539302188
-0.36931198803999266,33.36198152409827
-0.3661351107235191,-70.98127324484389
-0.3661351107235191,-72.53132941420267
-0.3661351107235191,-75.79460556022119
-0.37566574267293795,-76.52884269307535
-0.3661351107235191,-77.91573505513321
-0.3661351107235191,-79.9552826463948
-0.3661351107235191,-81.42375691210313
-0.3661351107235191,-82.89223117781148
-0.3661351107235191,-84.27912353986935
-0.3566044787740994,79.37417518295938
-0.3566044787740994,78.15044662820243
-0.3566044787740994,-65.67844950756378
-0.34897997321456486,35.76048949142188
-0.33754321487526173,75.21349809678577
-0.33563708848537743,73.35343069355521
-0.34707384682468057,72.52129527632049
-0.33754321487526173,64.44468681492465
-0.33754321487526173,-70.81810943754294
-0.33754321487526173,-72.28658370325127
-0.33754321487526173,-76.36567888577446
-0.33754321487526173,-77.7525712478323
-0.33754321487526173,-79.9552826463948
-0.33754321487526173,-81.42375691210313
-0.33754321487526173,-82.89223117781148
-0.33754321487526173,-84.11595973256843
-0.328012582925842,79.21101137565844
-0.328012582925842,78.15044662820243
-0.3327778989005523,38.012150032174645
-0.328012582925842,-65.43370379661238
-0.30704519263712005,75.01770152802466
-0.3113339770143586,73.13315955369896
-0.30895131902700435,64.93417823682744
-0.31371663500171376,39.725370008834375
-0.30895131902700435,-70.41019991929065
-0.30895131902700435,-72.12341989595035
-0.30704519263712005,-76.57779183526566
-0.3184819509764232,-77.7525712478323
-0.30704519263712005,-80.1510792151559
-0.30895131902700435,-82.07641214130683
-0.30895131902700435,-83.38172259971424
-0.3184819509764232,-84.11595973256843
-0.3018033450649398,78.8846837610566
-0.29703802909023036,-65.20935356157364
-0.2930669324446393,41.76491760009594
-0.28035942317874696,75.70298951868854
-0.28035942317874696,74.23451525298022
-0.28035942317874696,73.01078669822327
-0.28035942317874696,65.26050585142929
-0.28035942317874696,-70.08387230468878
-0.28035942317874696,-71.96025608864943
-0.28035942317874696,-75.79460556022119
-0.28035942317874696,-77.5894074405314
-0.28035942317874696,-79.46579122449202
-0.28035942317874696,-80.93426549020037
-0.28035942317874696,-82.4027397559087
-0.28035942317874696,-83.62646831066564
-0.27082879122932724,79.12942947200798
-0.27082879122932724,43.39655567310521
-0.27082879122932724,-65.10737618201057
-0.25176752733048957,75.70298951868854
-0.25176752733048957,73.74502383107743
-0.25176752733048957,65.74999727333206
-0.25176752733048957,45.35452136071632
-0.25176752733048957,-69.67596278643649
-0.25176752733048957,-71.6339284740476
-0.25176752733048957,-75.54985984926981
-0.25176752733048957,-77.34466172958
-0.25176752733048957,-78.97629980258924
-0.25176752733048957,-80.44477406829759
-0.25176752733048957,-81.91324833400591
-0.25176752733048957,-83.13697688876286
-0.24223689538106985,79.12942947200798
-0.24223689538106985,-63.802065723603135
-0.24223689538106985,-65.35212189296195
-0.22126950509234788,75.50719294992743
-0.22555828946958645,73.62265097560174
-0.22317563148223218,65.91316108063299
-0.22317563148223218,46.700622770948954
-0.22317563148223218,-69.43121707548508
-0.22317563148223218,-71.38918276309619
-0.22317563148223218,-75.54985984926981
-0.22317563148223218,-77.01833411497813
-0.22317563148223218,-78.97629980258924
-0.22317563148223218,-80.44477406829759
-0.22317563148223218,-81.91324833400591
-0.22317563148223218,-83.13697688876286
-0.21364499953281246,79.12942947200798
-0.21364499953281246,-63.23099239804989
-0.21364499953281246,-65.27053998931146
-0.20411436758339363,48.29146989213298
-0.1945837356339748,76.19248094059132
-0.1926776092440905,74.33241353736076
-0.20411436758339363,73.50027812012604
-0.1945837356339748,66.07632488793392
-0.1945837356339748,-69.26805326818416
-0.1945837356339748,-71.14443705214481
-0.1945837356339748,-76.12093317482305
-0.1945837356339748,-78.97629980258924
-0.1945837356339748,-80.44477406829759
-0.19220107764661964,-82.15799404495732
-0.1993490516086842,-83.13697688876286
-0.18505310368455508,79.12942947200798
-0.18505310368455508,-62.57833716884619
-0.18505310368455508,-65.02579427836008
-0.17552247173513624,49.75994415784132
-0.1659918397857174,76.19248094059132
-0.1659918397857174,74.23451525298022
-0.1659918397857174,66.40265250253577
-0.1659918397857174,-69.02330755723278
-0.1659918397857174,-70.81810943754294
-0.1659918397857174,-75.06036842736702
-0.1659918397857174,-76.52884269307535
-0.1640857133958331,-79.17209637135036
-0.1659918397857174,-81.09742929750126
-0.16837449777307167,-82.5251126113844
-0.1564612078362977,79.12942947200798
-0.1612265238110071,-50.096305910325356
-0.1612265238110071,-51.56478017603368
-0.1612265238110071,-54.501728707450354
-0.1564612078362977,-58.98873340822584
-0.1545550814464134,-60.91406633437677
-0.1659918397857174,-62.088845746943406
-0.1564612078362977,-64.45472095280684
-0.14693057588687886,51.228418423549655
-0.1501074532033524,-41.12229650877444
-0.15169589186158827,-42.99868029273509
-0.15169589186158827,-44.222408847492034
-0.1564612078362977,-45.69088311320036
-0.1564612078362977,-47.15935737890868
-0.1564612078362977,-48.62783164461703
-0.1564612078362977,-53.03325444174203
-0.1564612078362977,-55.970202973158706
-0.14693057588687886,-57.68342294981841
-0.13501728595010487,76.07010808511563
-0.13930607032734432,74.18556611078994
-0.13739994393746002,66.89214392443854
-0.14216525991216944,-37.369528940853144
-0.14057682125393356,-39.16433082116333
-0.13739994393746002,-68.69697994263092
-0.13739994393746002,-70.57336372659157
-0.13739994393746002,-75.22353223466794
-0.13739994393746002,-76.52884269307535
-0.13739994393746002,-78.48680838068648
-0.13739994393746002,-79.9552826463948
-0.13739994393746002,-81.42375691210313
-0.13739994393746002,-82.64748546686008
-0.1278693119880403,79.37417518295938
-0.13104618930451384,-32.80094233642723
-0.13263462796274972,-34.43258040943647
-0.13739994393746002,-35.90105467514479
-0.1278693119880403,-59.39664292647814
-0.1278693119880403,-61.048676475400015
-0.1278693119880403,-63.720483819952676
-0.11833868003862147,52.37056507465614
-0.11833868003862147,-28.721847153904037
-0.121515557355095,-30.84297664881612
-0.12310399601333089,-54.99122012935314
-0.1278693119880403,-56.949185816964246
-0.10880804808920264,76.68197236249411
-0.10642539010184748,74.96875238583438
-0.11357336406391205,73.98976954202882
-0.1111907060765569,67.13688963538993
-0.11198492540567617,-24.805915778681822
-0.11357336406391205,-26.60071765899201
-0.11833868003862147,-27.57970050279758
-0.11357336406391205,-53.27800015269341
-0.10880804808920264,-68.45223423167954
-0.10880804808920264,-70.08387230468878
-0.10880804808920264,-74.81562271641565
-0.10880804808920264,-76.28409698212397
-0.10642539010184748,-78.60918123616216
-0.10880804808920264,-80.28161026099667
-0.11071417447908694,-81.9621974761962
-0.09927741613978291,79.37417518295938
-0.10245429345625645,-21.542639632663338
-0.10880804808920264,-22.684786283769796
-0.10404273211449233,-51.07528875413092
-0.10404273211449233,-58.17291437172119
-0.09927741613978291,-60.62037148123508
-0.09927741613978291,-63.067828590748974
-0.08974678419036408,53.59429362941309
-0.09292366150683762,-16.974053028237392
-0.09927741613978291,-18.279363486644797
-0.09927741613978291,-19.74783775235312
-0.09292366150683762,-48.79099545191795
-0.0945121001650735,-56.45969439506146
-0.08021615224094525,76.68197236249411
-0.08021615224094525,74.72400667488299
-0.08021615224094525,67.46321724999179
-0.08339302955741879,-11.752811194607773
-0.08498146821565467,-13.629194978568421
-0.08498146821565467,-15.097669244276744
-0.08339302955741879,-46.506702149705006
-0.08021615224094525,-68.12590661707767
-0.08021615224094525,-69.75754469008695
-0.08021615224094525,-74.57087700546424
-0.08021615224094525,-76.20251507847351
-0.08021615224094525,-77.9973169587837
-0.08021615224094525,-79.46579122449202
-0.08021615224094525,-80.93426549020037
-0.08021615224094525,-82.15799404495732
-0.07068552029152553,79.37417518295938
-0.07386239760799906,-9.631681699695719
-0.07386239760799906,-44.30399075114249
-0.07545083626623494,-54.01223728554757
-0.08021615224094525,-55.48071155125592
-0.07068552029152553,-59.80455244473043
-0.07068552029152553,-62.41517336154527
-0.061154888342106695,54.6548583768691
-0.06592020431681611,-5.919705083599666
-0.06592020431681611,-7.38817934930799
-0.06592020431681611,-41.77495173797814
-0.06592020431681611,-52.05427159793646
-0.05162425639268786,76.68197236249411
-0.05162425639268786,74.72400667488299
-0.05162425639268786,67.78954486459364
-0.05162425639268786,-1.4530958587368161
-0.061154888342106695,-3.105129407658694
-0.061154888342106695,-4.573603673367018
-0.0548011337091614,-38.103766073707305
-0.061154888342106695,-39.816986050367035
-0.05638957236739728,-50.096305910325356
-0.05162425639268786,-67.96274280977676
-0.05162425639268786,-69.51279897913557
-0.05162425639268786,-74.48929510181378
-0.05162425639268786,-75.9577693675221
-0.05162425639268786,-77.9973169587837
-0.05162425639268786,-79.46579122449202
-0.05162425639268786,-81.42375691210313
-0.04209362444326814,79.53733899026031
-0.04685894041797756,1.7897848113690884
-0.04685894041797756,0.321310545660765
-0.04527050175974168,-35.73789086784387
-0.04527050175974168,-47.3225211862096
-0.05162425639268786,-48.62783164461703
-0.04209362444326814,-58.90715150457535
-0.04209362444326814,-61.76251813234154
-0.03256299249384931,55.552259317024195
-0.035739869810322844,4.889897150086682
-0.037328308468558724,3.258259077077412
-0.037328308468558724,-33.20885185467952
-0.037328308468558724,-44.71190026939479
-0.023032360544430475,76.68197236249411
-0.024938486934314774,74.82190495926353
-0.023032360544430475,68.03429057554503
-0.026209237860903123,8.561082814357519
-0.03256299249384931,7.174190452299655
-0.02779767651913989,-30.271903323262848
-0.023032360544430475,-32.47461472182536
-0.026209237860903123,-41.04071460512398
-0.03256299249384931,-42.75393458178368
-0.023032360544430475,-67.47325138787397
-0.023032360544430475,-69.1864713645337
-0.023032360544430475,-74.32613129451286
-0.023032360544430475,-75.79460556022119
-0.023032360544430475,-77.83415315148278
-0.023032360544430475,-79.3026274171911
-0.023032360544430475,-80.77110168289946
-0.023032360544430475,-81.83166643035545
-0.013501728595010754,79.61892089391077
-0.01826704456972017,10.845376116570492
-0.01667860591148429,-26.111226237089255
-0.023032360544430475,-27.57970050279758
-0.013501728595010754,-29.537666190408686
-0.01826704456972017,-37.24715608537744
-0.023032360544430475,-38.83800320656147
-0.013501728595010754,-58.25449627537168
-0.013501728595010754,-60.94669909583695
-0.0039710966455919205,56.449660257179275
-0.008736412620301337,15.006053202744084
-0.008736412620301337,13.659951792511464
-0.013501728595010754,12.069104671327437
-0.007147973962065457,-23.01111389837166
-0.0039710966455919205,-24.642751971380903
-0.007147973962065457,-34.758908024038334
-0.013501728595010754,-35.90105467514479
0.005559535303826912,77.17146378439688
0.005559535303826912,75.21349809678577
0.005559535303826912,68.44220009379734
0.002382657987354264,17.861419830510286
-0.0039710966455919205,16.474527468452436
0.0007942193291174959,-8.489535048589232
0.005559535303826912,-10.936992158103124
-0.0039710966455919205,-11.915975001908691
0.005559535303826912,-13.384449267617015
0.005559535303826912,-14.852923533325367
0.005559535303826912,-16.32139779903369
0.0007942193291174959,-17.66749920926634
0.005559535303826912,-19.584673945052202
0.005559535303826912,-21.46105772901285
-0.0039710966455919205,-31.495631878019793
-0.0039710966455919205,-32.964106143728145
0.005559535303826912,-67.2285056769226
0.005559535303826912,-68.9417256535823
0.005559535303826912,-74.16296748721194
0.005559535303826912,-75.63144175292027
0.005559535303826912,-77.50782553688092
0.005559535303826912,-78.97629980258924
0.007465661693711212,-80.83636720581981
-0.0039710966455919205,-81.66850262305454
0.015090167253246634,79.61892089391077
0.011913289936773097,21.532605494781137
0.010324851278537217,19.900967421771867
0.010324851278537217,-2.1261465638531263
0.010324851278537217,-3.472247974085775
0.005559535303826912,-5.0630950952698015
0.005559535303826912,-6.531569360978125
0.005559535303826912,-26.60071765899201
0.005559535303826912,-28.558683346603146
0.015090167253246634,-57.27551343156611
0.015090167253246634,-60.04929815568184
0.024620799202665467,57.265479293683924
0.02144392188619193,23.490571182392245
0.01985548322795605,-0.4129265871933967
0.015090167253246634,-23.17427770567258
0.015090167253246634,-24.642751971380903
0.0341514311520843,77.17146378439688
0.0341514311520843,75.21349809678577
0.0341514311520843,68.60536390109827
0.029386115177374883,26.753847328410757
0.024620799202665467,25.285373062702433
0.029386115177374883,5.705716186591303
0.024620799202665467,3.7477504989801957
0.024620799202665467,2.2792762332718723
0.0341514311520843,0.321310545660765
0.0341514311520843,-8.856653615016313
0.0360575575419686,-11.328585295625373
0.024620799202665467,-12.650212134762853
0.029386115177374883,-15.587160666179528
0.024620799202665467,-17.30038064283923
0.024620799202665467,-18.76885490854758
0.024620799202665467,-20.237329174255905
0.024620799202665467,-21.46105772901285
0.0341514311520843,-66.82059615867027
0.0341514311520843,-68.69697994263092
0.0341514311520843,-73.91822177626057
0.0341514311520843,-75.54985984926981
0.0341514311520843,-77.50782553688092
0.0341514311520843,-78.97629980258924
0.0341514311520843,-80.93426549020037
0.04368206310150402,79.7820847012117
0.040505185785030484,29.935541570778824
0.0341514311520843,28.222321594119094
0.040505185785030484,10.763794212920004
0.038916747126794604,9.00978328443506
0.0341514311520843,7.663681874202439
0.04368206310150402,-3.594620829561478
0.04368206310150402,-5.389422709871667
0.04368206310150402,-6.85789697557999
0.0341514311520843,-13.873940689519799
0.04368206310150402,-56.378112491411
0.04368206310150402,-59.15189721552676
0.053212695050922854,57.91813452288761
0.05003581773444932,32.056671065690864
0.05003581773444932,14.679725588142219
0.04844737907621344,12.925714659657274
0.05511882144080715,-1.3919094309989646
0.06274332700034169,77.17146378439688
0.06274332700034169,75.21349809678577
0.06274332700034169,68.93169151570011
0.05797801102563227,34.21859151242812
0.05797801102563227,17.331137456782287
0.06512598498769684,3.870123354455899
0.06274332700034169,2.116112425970954
0.06274332700034169,0.7292200639130613
0.053212695050922854,-8.489535048589232
0.06274332700034169,-66.4942685440684
0.06274332700034169,-68.45223423167954
0.06274332700034169,-73.67347606530916
0.06464945339022599,-76.03935127117259
0.06274332700034169,-78.16048076608462
0.06274332700034169,-79.62895503179294
0.06036066901298742,-80.9954519179382
0.07227395894976141,79.94524850851262
0.06909708163328787,37.277912899320484
0.06274332700034169,35.56469292266077
0.06909708163328787,20.553622650975583
0.06274332700034169,18.921984577966313
0.07227395894976141,6.807071885872574
0.07227395894976141,5.216224764688548
0.06274332700034169,-3.349875118610072
0.07227395894976141,-55.399129647605434
0.07227395894976141,-58.00975056442027
0.08180459089918024,58.374993183330204
0.0786277135827067,39.399042394232524
0.07703927492447082,23.205034519615623
0.08371071728906454,10.40483383685799
0.08180459089918024,8.47950091070706
0.09133522284859907,77.17146378439688
0.09133522284859907,75.21349809678577
0.09133522284859907,69.25801913030197
0.08815834553212643,41.43858998549409
0.08815834553212643,27.651248268565865
0.08180459089918024,26.264355906507987
0.08180459089918024,24.79588164079965
0.09371788083595423,13.904697503462842
0.09133522284859907,12.313850382278815
0.08180459089918024,3.992496209931602
0.09133522284859907,-65.92319521851516
0.09133522284859907,-68.04432471342722
0.09133522284859907,-73.42873035435778
0.09133522284859907,-75.06036842736702
0.09133522284859907,-77.01833411497813
0.09133522284859907,-78.48680838068648
0.09133522284859907,-80.44477406829759
0.1008658547980188,80.10841231581355
0.09768897748154526,43.72288328770705
0.09610053882330938,31.404015836487147
0.09133522284859907,29.690795859827432
0.1027719811879031,16.76822232159411
0.1008658547980188,15.006053202744084
0.1008658547980188,-54.338564900149436
0.1008658547980188,-56.78602200966333
0.11039648674743763,59.18265402946979
0.10563117077272821,45.8440127826191
0.11039648674743763,35.68706577813646
0.10563117077272821,33.85147294600104
0.1008658547980188,32.62774439124409
0.11277914473479278,21.736560253907285
0.11039648674743763,20.0641312290728
0.11039648674743763,18.67723886701492
0.11992711869685646,77.17146378439688
0.11992711869685646,75.70298951868854
0.11992711869685646,69.33960103395243
0.11516180272214704,47.55723275927882
0.11516180272214704,37.522658610271876
0.11992711869685646,24.67350878532396
0.11992711869685646,23.327407375091312
0.11992711869685646,-65.59686760391332
0.11992711869685646,-67.79957900247584
0.11992711869685646,-73.10240273975592
0.12183324508674076,-75.64775813365034
0.11992711869685646,-77.67098934418183
0.11992711869685646,-79.13946360989016
0.1175444607095022,-80.44477406829759
0.12945775064627618,80.10841231581355
0.12469243467156677,49.39282559141424
0.12469243467156677,40.70435285263993
0.11992711869685646,38.99113287598021
0.13136387703616048,28.222321594119094
0.12945775064627618,26.345937810158446
0.12945775064627618,-53.19641824904295
0.12469243467156677,-55.7254572622073
0.13898838259569501,59.87610021049872
0.13581150527922148,51.06525461624872
0.13898838259569501,42.3359909256492
0.14089450898557931,32.334049538102434
0.13898838259569501,30.343451089031134
0.14851901454511385,77.66095520629966
0.14851901454511385,75.70298951868854
0.14851901454511385,69.33960103395243
0.15042514093499815,44.375538516910765
0.150901672532469,34.46333722337951
0.14375369857040443,-54.868847273877435
0.14851901454511385,-65.35212189296195
0.14851901454511385,-67.39166948422351
0.14851901454511385,-72.85765702880454
0.14851901454511385,-74.73404081276516
0.14851901454511385,-76.52884269307535
0.14851901454511385,-77.9973169587837
0.14851901454511385,-79.9552826463948
0.15804964649453357,80.10841231581355
0.15487276917806003,54.81802218417003
0.15169589186158738,52.69689268925799
0.15328433051982415,46.578249915473265
0.15487276917806003,40.296443334387604
0.15328433051982415,38.50164145407743
0.15328433051982415,37.03316718836909
0.14851901454511385,36.05418434456354
0.16043230448188783,-52.176644453412166
0.1675802784439524,60.365591632401504
0.15804964649453357,51.228418423549655
0.15804964649453357,49.75994415784132
0.15804964649453357,48.29146989213298
0.15804964649453357,42.41757282929966
0.1675802784439524,-53.40037300816911
0.17711091039337123,77.66095520629966
0.17711091039337123,75.70298951868854
0.17520478400348694,69.43749931833298
0.17234559441866182,57.83655261923715
0.1675802784439524,56.368078353528816
0.17711091039337123,-64.86263047105916
0.17711091039337123,-67.1469237732721
0.17711091039337123,-72.61291131785313
0.17711091039337123,-74.2445493908624
0.17711091039337123,-76.03935127117259
0.17711091039337123,-77.50782553688092
0.17711091039337123,-78.97629980258924
0.17711091039337123,-80.20002835734618
0.18664154234279096,80.27157612311447
0.18902420033014522,-50.64698375996599
0.1961721742922098,60.589941867440274
0.18664154234279096,59.0602811739941
0.1961721742922098,-51.809525886985085
0.20570280624162862,77.66095520629966
0.20570280624162862,75.70298951868854
0.20570280624162862,69.82909245585522
0.20570280624162862,-64.61788476010778
0.20570280624162862,-66.65743235136932
0.20570280624162862,-72.36816560690175
0.20570280624162862,-74.08138558356148
0.20570280624162862,-76.03935127117259
0.20570280624162862,-77.50782553688092
0.20760893263151292,-79.36789294011149
0.1961721742922098,-80.20002835734618
0.21523343819104834,80.35315802676493
0.21523343819104834,-49.198904970170275
0.22714672812782233,61.50773828350799
0.21523343819104834,-50.58579733222814
0.234294702089886,77.66095520629966
0.234294702089886,75.70298951868854
0.234294702089886,69.99225626315614
0.234294702089886,-47.89359451176287
0.234294702089886,-64.29155714550592
0.234294702089886,-66.16794092946657
0.234294702089886,-72.20500179960084
0.2362008284797703,-74.57087700546424
0.234294702089886,-76.69200650037627
0.234294702089886,-78.16048076608462
0.23191204410253174,-79.58816407996773
0.24382533403930573,80.35315802676493
0.234294702089886,-49.117323066519816
0.25335596598872456,62.282766368187396
0.25335596598872456,-47.07777547525822
0.2628865979381434,77.66095520629966
0.2628865979381434,76.19248094059132
0.2628865979381434,70.31858387775799
0.2628865979381434,-45.28297359494806
0.2628865979381434,-63.88364762725362
0.2628865979381434,-65.67844950756378
0.2628865979381434,-72.12341989595035
0.2628865979381434,-73.5918941616587
0.2628865979381434,-75.54985984926981
0.2628865979381434,-77.01833411497813
0.2628865979381434,-78.48680838068648
0.2628865979381434,-79.87370074274435
0.2724172298875631,80.35315802676493
0.28194786183698195,63.54728587476956
0.28194786183698195,62.24197541636215
0.28385398822686625,-44.32030713187257
0.2724172298875631,-46.669865957005925
0.2914784937864008,78.15044662820243
0.2914784937864008,76.19248094059132
0.2914784937864008,70.56332958870938
0.2914784937864008,-63.47573810900127
0.2914784937864008,-65.188958085661
0.29386115177375594,-72.1846063236882
0.2914784937864008,-74.38731772225071
0.2914784937864008,-76.20251507847351
0.2914784937864008,-77.67098934418183
0.28194786183698195,-78.24206266973508
0.2914784937864008,-79.79211883909389
0.3010091257358205,80.51632183406586
0.3029152521257048,-42.41129058645174
0.31053975768523934,64.44468681492465
0.31053975768523934,62.813048741915395
0.32007038963465817,78.15044662820243
0.32007038963465817,76.19248094059132
0.32007038963465817,70.64491149235984
0.32197651602454247,-40.25752833007951
0.32007038963465817,-62.986246687098486
0.32007038963465817,-64.61788476010778
0.32007038963465817,-71.6339284740476
0.32007038963465817,-73.10240273975592
0.32007038963465817,-75.06036842736702
0.32007038963465817,-76.52884269307535
0.32007038963465817,-77.7525712478323
0.32007038963465817,-79.71053693544343
0.3296010215840779,80.76106754501726
0.32007038963465817,-41.77495173797814
0.3391316535334967,64.68943252587604
0.3391316535334967,63.139376356517246
0.3391316535334967,-38.34851178465868
0.34866228548291556,78.15044662820243
0.34866228548291556,76.19248094059132
0.34866228548291556,70.88965720331123
0.3510449434702707,-36.696478235736805
0.3391316535334967,-39.57224033941563
0.34866228548291556,-62.41517336154527
0.34866228548291556,-64.20997524185543
0.34866228548291556,-71.47076466674667
0.3510449434702707,-73.65308058939655
0.34866228548291556,-75.38669604196889
0.34866228548291556,-76.85517030767721
0.34389696950820614,-77.7525712478323
0.34866228548291556,-79.54737312814251
0.3581929174323353,80.84264944866771
0.36057557541968954,-34.983258259077104
0.3696296757716384,64.05309367740243
0.3581929174323353,63.220958260167706
0.3796368393185281,78.02807377272674
0.37725418133117383,76.51880855519317
0.37725418133117383,71.05282101061215
0.37725418133117383,-33.08647899920382
0.37725418133117383,-61.84410003599203
0.37725418133117383,-63.63890191630222
0.37725418133117383,-71.30760085944573
0.37725418133117383,-72.77607512515405
0.37725418133117383,-74.57087700546424
0.37725418133117383,-76.03935127117259
0.37725418133117383,-77.50782553688092
0.37725418133117383,-79.22104551354064
0.38678481328059267,80.84264944866771
0.38678481328059267,-30.883767600641335
0.37725418133117383,-34.92207183133925
0.3963154452300115,63.99598634484711
0.40584607717943033,78.63993805010521
0.40584607717943033,76.68197236249411
0.40584607717943033,71.05282101061215
0.40584607717943033,-28.130378352438214
0.4010807612047218,-29.782411901360092
0.3963154452300115,-32.229869010873955
0.40584607717943033,-61.109862903137866
0.40584607717943033,-63.14941049439943
0.40584607717943033,-70.98127324484389
0.4082287351667846,-73.16358916749377
0.40584607717943033,-74.8972046200661
0.40584607717943033,-76.36567888577446
0.4010807612047218,-77.50782553688092
0.40584607717943033,-79.13946360989016
0.41537670912884916,80.84264944866771
0.41728283551873435,-25.91542966832816
0.42252468309091373,64.19994110397326
0.42728999906562404,-23.48020984436181
0.4344379730276886,78.63993805010521
0.4344379730276886,76.68197236249411
0.4344379730276886,71.29756672156354
0.4344379730276886,-21.787385343614716
0.4344379730276886,-60.62037148123508
0.4344379730276886,-62.57833716884619
0.4344379730276886,-70.81810943754294
0.4344379730276886,-72.44974751055221
0.4344379730276886,-74.08138558356148
0.4344379730276886,-75.54985984926981
0.4344379730276886,-77.01833411497813
0.4344379730276886,-78.97629980258924
0.44396860497710744,80.84264944866771
0.44396860497710744,-19.870210607828824
0.45540536331641146,64.44468681492465
0.4534992369265263,-16.199024943557987
0.44873392095181597,-18.03461777569342
0.4630298688759451,78.63993805010521
0.4611237424860617,76.77987064687466
0.4630298688759451,71.29756672156354
0.4630298688759451,-13.996313544995502
0.4630298688759451,-59.96771625203138
0.4630298688759451,-61.92568193964249
0.4630298688759451,-70.57336372659157
0.4630298688759451,-72.61291131785313
0.4630298688759451,-74.08138558356148
0.4630298688759451,-75.54985984926981
0.4630298688759451,-77.01833411497813
0.4630298688759451,-78.97629980258924
0.47256050082536394,80.84264944866771
0.4744666272152491,-10.545399020580902
0.4677951848506554,-12.16072071286007
0.4797084747874285,64.68943252587604
0.48209113277478455,-8.122416482162151
0.4916217647242034,78.63993805010521
0.4916217647242034,77.17146378439688
0.4916217647242034,71.70547623981587
0.4935278911140868,-4.27990882022533
0.4868564487494931,-6.286823650026747
0.4916217647242034,-59.39664292647814
0.4916217647242034,-61.354608614089244
0.4916217647242034,-70.16545420833924
0.4935278911140868,-72.80870788661423
0.4916217647242034,-74.73404081276516
0.4916217647242034,-76.20251507847351
0.48209113277478455,-76.77358840402675
0.4916217647242034,-78.89471789893878
0.5011523966736222,80.84264944866771
0.5035350546609765,-0.4129265871933967
0.4963870806989119,-2.1261465638531263
0.510683028623041,64.68943252587604
0.510683028623041,2.4628355164853986
0.5011523966736222,0.8108019675635489
0.5202136605724599,78.63993805010521
0.5202136605724599,77.17146378439688
0.5202136605724599,71.78705814346633
0.5170367832559863,4.563569535484845
0.5202136605724599,-58.662405793623975
0.5202136605724599,-60.70195338488554
0.5202136605724599,-69.92070849738786
0.5225963185598141,-72.24579275142605
0.5202136605724599,-73.91822177626057
0.5202136605724599,-75.38669604196889
0.5154483445977514,-76.52884269307535
0.5202136605724599,-78.48680838068648
0.5297442925218787,80.84264944866771
0.5265674152054052,6.603117126746412
0.5392749244712993,65.4236696587302
0.5392749244712993,64.19994110397326
0.5392749244712993,10.172325411454153
0.534509608496589,8.3979190070566
0.5511882144080724,78.51756519462951
0.5488055564207182,77.00829997709594
0.5488055564207182,71.86864004711678
0.5488055564207182,13.782324647987139
0.5440402404460079,12.069104671327437
0.5488055564207182,-58.00975056442027
0.5488055564207182,-59.88613434838092
0.5488055564207182,-69.594380882786
0.5488055564207182,-71.6339284740476
0.5488055564207182,-73.10240273975592
0.5488055564207182,-74.57087700546424
0.5488055564207182,-76.03935127117259
0.5488055564207182,-78.48680838068648
0.558336188370137,81.08739515961909
0.5551593110536635,16.311363661151518
0.5488055564207182,15.006053202744084
0.5678668203195558,66.15790679158438
0.5678668203195558,64.03677729667234
0.5678668203195558,20.02334027724757
0.5631015043448455,18.06537458963645
0.5773974522689747,79.12942947200798
0.5773974522689747,77.17146378439688
0.5773974522689747,72.11338575806818
0.5797801102563289,24.67350878532396
0.5773974522689747,23.16424356779038
0.5726321362942661,21.85893310938299
0.5797801102563289,-57.68342294981841
0.5726321362942661,-59.274270071002434
0.5773974522689747,-69.34963517183462
0.5773974522689747,-71.06285514849432
0.5773974522689747,-72.61291131785313
0.5773974522689747,-74.08138558356148
0.5773974522689747,-76.03935127117259
0.5773974522689747,-78.16048076608462
0.5869280842183935,81.08739515961909
0.5869280842183935,27.671643744478473
0.5773974522689747,26.264355906507987
0.5964587161678141,66.32107059888531
0.5964587161678141,64.93417823682744
0.5964587161678141,63.38412206746864
0.5964587161678141,31.404015836487147
0.5916934001931038,29.44605014887604
0.6059893481172329,79.12942947200798
0.6059893481172329,77.17146378439688
0.6059893481172329,72.2765495653691
0.6059893481172329,33.72910009052535
0.6083720061045872,-56.76562653375072
0.6012240321425226,-58.295287227196894
0.6059893481172329,-68.86014374993184
0.6083720061045872,-71.26680990762051
0.6059893481172329,-72.939238932455
0.6059893481172329,-74.40771319816332
0.6040832217273477,-76.03935127117259
0.6059893481172329,-77.91573505513321
0.6155199800666518,81.08739515961909
0.617902638054006,38.44045502633958
0.6107546640919415,37.03316718836909
0.6107546640919415,35.56469292266077
0.6250506120160706,66.64739821348715
0.6250506120160706,64.85259633317698
0.6250506120160706,62.97621254921633
0.6250506120160706,41.43858998549409
0.6155199800666518,39.97011571978577
0.6345812439654894,79.12942947200798
0.6345812439654894,77.17146378439688
0.6345812439654894,72.35813146901955
0.6345812439654894,45.10977564976493
0.6298159279907809,43.15180996215382
0.6369639019528437,-56.03138940089653
0.6298159279907809,-57.316304383391326
0.6345812439654894,-68.61539803898043
0.6369639019528437,-70.71613205797988
0.6345812439654894,-72.44974751055221
0.6345812439654894,-73.83663987261008
0.632675117575606,-75.59880899146009
0.6345812439654894,-77.7525712478323
0.6441118759149083,81.16897706326955
0.6441118759149083,48.71977488629791
0.6393465599401997,46.82299562642466
0.6536425078643289,66.973725828089
0.6488771918896186,63.71044968207049
0.6488771918896186,62.24197541636215
0.6488771918896186,60.773501150653814
0.6488771918896186,59.30502688494549
0.6488771918896186,57.83655261923715
0.6488771918896186,56.368078353528816
0.6488771918896186,54.89960408782049
0.6488771918896186,53.431129822112155
0.6488771918896186,51.96265555640382
0.6488771918896186,50.49418129069548
0.6631731398137477,79.12942947200798
0.6612670134238625,77.26936206877743
0.6631731398137477,72.52129527632049
0.6650792662036311,-55.235965840304516
0.6536425078643289,-56.45969439506146
0.6631731398137477,-68.12590661707767
0.6631731398137477,-70.16545420833924
0.6631731398137477,-71.6339284740476
0.6631731398137477,-73.10240273975592
0.6631731398137477,-74.32613129451286
0.6631731398137477,-75.71302365657073
0.6631731398137477,-77.5894074405314
0.6727037717631665,81.41372277422096
0.6822344037125854,67.46321724999179
0.6917650356620042,79.12942947200798
0.6917650356620042,77.66095520629966
0.6917650356620042,72.52129527632049
0.6941476936493585,-53.95105085780975
0.6869997196872957,-55.11359298482884
0.6917650356620042,-67.71799709882535
0.6917650356620042,-69.51279897913557
0.6917650356620042,-71.14443705214481
0.6917650356620042,-72.61291131785313
0.6917650356620042,-73.83663987261008
0.6917650356620042,-75.54985984926981
0.6917650356620042,-77.34466172958
0.701295667611423,81.57688658152188
0.7108262995608436,67.78954486459364
0.7203569315102625,79.12942947200798
0.7203569315102625,77.66095520629966
0.7203569315102625,72.68445908362142
0.7203569315102625,-53.03325444174203
0.7203569315102625,-67.39166948422351
0.7203569315102625,-69.67596278643649
0.7203569315102625,-71.14443705214481
0.7222630579001459,-73.00450445537535
0.7108262995608436,-73.83663987261008
0.7203569315102625,-75.46827794561932
0.7203569315102625,-77.01833411497813
0.7298875634596813,81.57688658152188
0.7394181954091001,68.03429057554503
0.748948827358519,79.12942947200798
0.748948827358519,77.66095520629966
0.748948827358519,72.76604098727188
0.7508549537484042,-51.36898360727258
0.7394181954091001,-52.788508730790625
0.748948827358519,-67.1469237732721
0.748948827358519,-69.1864713645337
0.748948827358519,-70.65494563024203
0.7513314853458732,-72.36816560690175
0.7441835113838104,-73.3471484507073
0.748948827358519,-75.06036842736702
0.748948827358519,-76.85517030767721
0.7584794593079378,81.57688658152188
0.7680100912573584,68.36061819014688
0.7775407232067773,79.12942947200798
0.7775407232067773,77.66095520629966
0.7775407232067773,72.84762289092234
0.7794468495966607,-50.14525505251564
0.7680100912573584,-51.3200344650823
0.7775407232067773,-66.73901425501981
0.7794468495966607,-69.3822679332948
0.7775407232067773,-71.30760085944573
0.7751580652194212,-72.67409774559098
0.7775407232067773,-74.97878652371656
0.7775407232067773,-76.52884269307535
0.7870713551561961,81.57688658152188
0.7966019871056149,68.52378199744781
0.8061326190550338,79.61892089391077
0.8037499610676795,77.90570091725104
0.8061326190550338,73.09236860187373
0.8080387454449189,-48.52993336023647
0.7966019871056149,-49.85156019937398
0.8061326190550338,-66.33110473676749
0.8080387454449189,-68.89277651139201
0.8061326190550338,-70.81810943754294
0.8037499610676795,-72.12341989595035
0.8061326190550338,-74.73404081276516
0.8061326190550338,-76.36567888577446
0.8156632510044526,81.65846848517234
0.8251938829538732,68.76852770839919
0.834724514903292,79.61892089391077
0.834724514903292,78.15044662820243
0.834724514903292,73.25553240917466
0.834724514903292,-47.09817095117086
0.8251938829538732,-48.383085933665626
0.834724514903292,-65.92319521851516
0.8371071728906463,-68.32986137620384
0.834724514903292,-70.00229040103832
0.832341856915936,-71.51155561857189
0.834724514903292,-74.57087700546424
0.834724514903292,-76.20251507847351
0.8442551468527109,81.82163229247327
0.8537857788021297,68.93169151570011
0.8556919051920149,-45.49508654443926
0.8633164107515485,79.61892089391077
0.8633164107515485,78.15044662820243
0.8633164107515485,73.41869621647558
0.8633164107515485,-65.59686760391332
0.8633164107515485,-67.71799709882535
0.8633164107515485,-69.1864713645337
0.8609337527641943,-70.8996913411934
0.8633164107515485,-74.32613129451286
0.8633164107515485,-75.87618746387167
0.8728470427009674,81.82163229247327
0.882377674650388,69.09485532300104
0.882377674650388,-43.48817171463787
0.8728470427009674,-44.956645980346195
0.8919083065998068,79.61892089391077
0.8919083065998068,78.15044662820243
0.8919083065998068,73.66344192742697
0.8919083065998068,-65.188958085661
0.8942909645871611,-67.35087853239827
0.8919083065998068,-69.02330755723278
0.8895256486124508,-70.53257277476632
0.8919083065998068,-74.16296748721194
0.8919083065998068,-75.71302365657073
0.9014389385492256,81.82163229247327
0.9109695704986445,69.25801913030197
0.9062042545239342,-41.530206027026736
0.9205002024480633,79.61892089391077
0.9205002024480633,78.15044662820243
0.9205002024480633,73.74502383107743
0.9205002024480633,-64.61788476010778
0.9228828604354193,-66.86138711049549
0.9205002024480633,-68.53381613533
0.918117544460709,-70.04308135286357
0.9205002024480633,-73.999803679911
0.9205002024480633,-75.54985984926981
0.9300308343974821,81.82163229247327
0.9252655184227736,-39.32749462846425
0.9395614663469027,69.58434674490383
0.9490920982963216,79.61892089391077
0.9490920982963216,78.23202853185289
0.9490920982963216,74.07135144567928
0.9443267823216113,-37.369528940853144
0.9490920982963216,-64.128393338205
0.950998224686205,-66.44531940187812
0.9490920982963216,-68.37065232802905
0.9443267823216113,-69.43121707548508
0.9490920982963216,-73.67347606530916
0.9490920982963216,-75.30511413831843
0.9586227302457404,81.82163229247327
0.9681533621951592,69.82909245585522
0.9617996075622139,-35.16681754229063
0.9776839941445781,79.61892089391077
0.9776839941445781,78.23202853185289
0.9776839941445781,74.23451525298022
0.9729186781698695,-33.4535975656309
0.9776839941445781,-63.802065723603135
0.9800666521319341,-65.88240426668995
0.9776839941445781,-67.55483329152443
0.9729186781698695,-68.57460708715521
0.9776839941445781,-73.51031225800821
0.9776839941445781,-75.06036842736702
0.9872146260939969,82.06637800342466
0.9872146260939969,-31.57721378167028
0.9967452580434175,70.23700197410753
0.9919799420687072,-30.271903323262848
1.0062758899928363,79.61892089391077
1.0062758899928363,78.15044662820243
1.0062758899928363,74.23451525298022
1.0062758899928363,-28.375124063389592
1.0081820163827198,-63.94891315017398
1.0062758899928363,-65.92319521851516
1.0062758899928363,-67.39166948422351
0.9967452580434175,-67.96274280977676
1.0062758899928363,-73.10240273975592
1.0062758899928363,-74.81562271641565
1.0158065219422552,82.14795990707512
1.0158065219422552,-26.437553851691092
1.025337153891674,70.31858387775799
1.025337153891674,-24.805915778681822
1.0348677858410928,79.61892089391077
1.0348677858410928,78.39519233915382
1.0348677858410928,74.23451525298022
1.036773912230978,-22.293193146247575
1.025337153891674,-23.663769127575364
1.0348677858410928,-62.41517336154527
1.0348677858410928,-64.29155714550592
1.0348677858410928,-65.76003141121424
1.0348677858410928,-67.1469237732721
1.0348677858410928,-72.85765702880454
1.0348677858410928,-74.48929510181378
1.0443984177905117,82.31112371437604
1.0467810757778677,-19.992583463304527
1.0539290497399323,70.31858387775799
1.049163733765222,-18.279363486644797
1.0658423396767054,79.49654803843508
1.0586943657146408,78.39519233915382
1.0634596816893511,74.23451525298022
1.0634596816893511,-16.15823399173277
1.0634596816893511,-61.76251813234154
1.0658423396767054,-63.92443857907884
1.0634596816893511,-65.59686760391332
1.0586943657146408,-66.61664139954411
1.0634596816893511,-72.53132941420267
1.0634596816893511,-74.32613129451286
1.07299031363877,82.31112371437604
1.0753729716261242,-13.139703556665637
1.0682249976640597,-14.852923533325367
1.0634596816893511,-17.545126353790636
1.0825209455881888,70.31858387775799
1.0793440682717153,-10.28433692889945
1.07299031363877,-11.915975001908691
1.0920515775376076,80.10841231581355
1.0920515775376076,78.63993805010521
1.0920515775376076,74.23451525298022
1.0920515775376076,-8.000043626686477
1.0920515775376076,-61.109862903137866
1.0939577039274928,-63.50837087046145
1.0920515775376076,-65.35212189296195
1.0825209455881888,-66.00477712216565
1.0920515775376076,-72.20500179960084
1.0920515775376076,-74.08138558356148
1.1015822094870265,82.31112371437604
1.1034883358769116,-4.67150195774758
1.096816893512318,-6.286823650026747
1.111112841436447,70.56332958870938
1.111112841436447,-0.5964858704069513
1.1063475254617368,-2.61563798575591
1.120643473385866,80.10841231581355
1.120643473385866,78.63993805010521
1.120643473385866,74.23451525298022
1.1230261313732202,1.5450391004177106
1.120643473385866,-60.375625770283705
1.1230261313732202,-62.45596431337049
1.120643473385866,-64.128393338205
1.1158781574111556,-65.14816713383578
1.120643473385866,-72.04183799229989
1.120643473385866,-73.83663987261008
1.1301741053352847,82.31112371437604
1.1301741053352847,3.4214228843783303
1.1397047372847036,70.72649339601031
1.1416108636745887,6.978393883538558
1.1349394213099933,4.971479053737141
1.1492353692341224,80.10841231581355
1.1492353692341224,78.72151995375567
1.1492353692341224,74.56084286758205
1.1492353692341224,9.29531994721168
1.1492353692341224,-59.641388637429515
1.1511414956240076,-62.039896604753125
1.1492353692341224,-63.88364762725362
1.1397047372847036,-64.5363028564573
1.1492353692341224,-71.6339284740476
1.1492353692341224,-73.51031225800821
1.1587660011835412,82.31112371437604
1.1611486591708973,12.252663954540964
1.1540006852088327,10.600630405619086
1.1682966331329618,71.05282101061215
1.1702027595228452,16.523476610642717
1.1635313171582515,14.761307491792707
1.1587660011835412,13.53757893703576
1.180209923069735,79.98603946033785
1.1730619491076704,78.8846837610566
1.1778272650823807,74.72400667488299
1.1778272650823807,19.166730288917705
1.1778272650823807,-58.90715150457535
1.180209923069735,-60.98749004766216
1.1778272650823807,-62.57833716884619
1.1730619491076704,-63.67969286812743
1.1778272650823807,-71.38918276309619
1.1778272650823807,-73.18398464340638
1.1873578970317995,82.31112371437604
1.1873578970317995,21.614187398431596
1.1968885289812183,71.05282101061215
1.1968885289812183,25.16300020722673
1.192123213006508,23.327407375091312
1.2064191609306372,80.59790373771632
1.2064191609306372,79.12942947200798
1.2064191609306372,74.72400667488299
1.2064191609306372,28.834185871497567
1.2016538449559286,26.99859303936215
1.2064191609306372,-59.09071078778891
1.2064191609306372,-60.86511719218646
1.2064191609306372,-62.17042765059389
1.1968885289812183,-63.067828590748974
1.2064191609306372,-71.22601895579527
1.2064191609306372,-72.77607512515405
1.215949792880056,82.31112371437604
1.2178559192699412,31.257168409916318
1.2254804248294766,71.05282101061215
1.22738655121936,35.85838777580243
1.2254804248294766,34.01463675330197
1.215949792880056,33.11723581314688
1.2254804248294766,-57.43867723886703
1.2350110567788954,80.59790373771632
1.2350110567788954,79.12942947200798
1.2350110567788954,74.72400667488299
1.2350110567788954,39.48062429788298
1.2350110567788954,38.093731935825105
1.2369171831687789,-59.59243949523923
1.2350110567788954,-61.273026710438785
1.2254804248294766,-62.088845746943406
1.2350110567788954,-70.81810943754294
1.2350110567788954,-72.44974751055221
1.2445416887283143,82.31112371437604
1.2445416887283143,42.49915473295012
1.239776372753604,40.94909856359132
1.254072320677733,71.05282101061215
1.254072320677733,45.35452136071632
1.2493070047030228,43.88604709500798
1.2559784470676183,-57.43867723886703
1.263602952627152,80.59790373771632
1.263602952627152,79.21101137565844
1.263602952627152,74.88717048218392
1.265985610614508,49.63757130236563
1.263602952627152,48.12830608483206
1.2588376366524434,46.82299562642466
1.263602952627152,-60.09008910750708
1.263602952627152,-70.57336372659157
1.263602952627152,-72.04183799229989
1.2731335845765708,82.55586942532744
1.275039710966456,52.59899440487743
1.263602952627152,51.228418423549655
1.2826642165259914,71.21598481791308
1.2850468745133456,56.12333264257744
1.277898900551281,54.6548583768691
1.2845703429158748,-56.45969439506146
1.2826642165259914,-58.41766008267257
1.2921948484754102,80.59790373771632
1.2921948484754102,79.37417518295938
1.2921948484754102,75.94773522963993
1.2921948484754102,74.15293334932976
1.2921948484754102,60.40638258422673
1.2921948484754102,58.81553546304271
1.2826642165259914,57.59180690828576
1.2921948484754102,-59.641388637429515
1.2921948484754102,-70.32861801564016
1.2921948484754102,-71.6339284740476
1.301725480424829,82.6374513289779
1.2969601644501187,72.52129527632049
1.2985486031083555,69.99225626315614
1.2969601644501187,68.11587247919549
1.2969601644501187,66.64739821348715
1.2969601644501187,65.17892394777883
1.2969601644501187,63.71044968207049
1.2969601644501187,62.24197541636215
1.313162238764133,-55.48071155125592
1.3112561123742479,-57.43867723886703
1.3112561123742479,-58.41766008267257
1.3207867443236667,80.59790373771632
1.3207867443236667,79.37417518295938
1.3207867443236667,76.02931713329039
1.3207867443236667,-70.00229040103832
1.3207867443236667,-71.22601895579527
1.3303173762730856,82.80061513627882
1.3417541346123896,-54.01223728554757
1.3398480082225062,-55.970202973158706
1.3350826922477959,-57.19393152791562
1.349378640171925,80.59790373771632
1.349378640171925,79.37417518295938
1.349378640171925,76.19248094059132
1.349378640171925,-69.43121707548508
1.349378640171925,-70.73652753389251
1.3589092721213438,82.80061513627882
1.3703460304606478,-52.54376301983925
1.3684399040707627,-54.501728707450354
1.3589092721213438,-55.970202973158706
1.3779705360201815,80.59790373771632
1.3779705360201815,79.37417518295938
1.3779705360201815,76.19248094059132
1.3779705360201815,-69.7167537382617
1.3875011679696003,82.80061513627882
1.3989379263089043,-51.07528875413092
1.397031799919021,-52.87009063444111
1.3875011679696003,-54.01223728554757
1.4065624318684398,80.59790373771632
1.4065624318684398,79.37417518295938
1.4065624318684398,76.19248094059132
1.408945089855794,-68.75816637036877
1.4017971158937295,-70.04308135286357
1.4160930638178586,82.80061513627882
1.4256236957672774,-49.4844416329469
1.4256236957672774,-51.15687065778138
1.4160930638178586,-52.29901730888787
1.4351543277166963,80.59790373771632
1.4351543277166963,79.37417518295938
1.4351543277166963,76.35564474789226
1.4351543277166963,-67.88116090612627
1.4351543277166963,-69.43121707548508
1.444684959666115,82.80061513627882
1.444684959666115,-48.26071307818995
1.4494502756408254,-49.85156019937398
1.4637462235649545,80.59790373771632
1.4637462235649545,79.37417518295938
1.4637462235649545,76.60039045884365
1.4637462235649545,-46.7922388124816
1.4637462235649545,-67.39166948422351
1.4637462235649545,-68.86014374993184
1.4732768555143734,82.80061513627882
1.468511539539663,-48.383085933665626
1.4847136138536774,-45.20139169129757
1.492338119413211,80.59790373771632
1.492338119413211,79.37417518295938
1.492338119413211,76.68197236249411
1.4828074874637922,-46.9146116679573
1.492338119413211,-67.06534186962168
1.492338119413211,-68.61539803898043
1.5018687513626299,82.80061513627882
1.503774877752515,-43.43922257244756
1.5018687513626299,-45.44613740224898
1.5209300152614693,80.59790373771632
1.5209300152614693,79.37417518295938
1.5209300152614693,76.92671807344549
1.5209300152614693,-41.163087460599655
1.5209300152614693,-66.57585044771889
1.5209300152614693,-68.04432471342722
1.5304606472108881,82.80061513627882
1.5256953312361778,-42.99868029273509
1.5423739371476612,-40.06173176131841
1.5495219111097258,80.59790373771632
1.5495219111097258,79.37417518295938
1.5495219111097258,77.17146378439688
1.5519045690970819,-38.22613892918301
1.539991279160307,-41.28546031607536
1.5519045690970819,-66.37189568859273
1.5447565951350173,-67.59562424334968
1.5590525430591446,83.04536084723021
1.5614352010465007,-36.75766466347466
1.5800199333478675,80.35315802676493
1.5685831750085653,79.37417518295938
1.578113806957984,77.17146378439688
1.5800199333478675,-34.87312268914894
1.5804964649453384,-65.8212178389521
1.5733484909832738,-67.10613282144689
1.587644438907403,83.04536084723021
1.5895505652972863,-32.278818153064265
1.578113806957984,-36.63529180799898
1.6067057028062406,81.08739515961909
1.6067057028062406,79.86366660486216
1.6067057028062406,77.17146378439688
1.6086118291961258,-30.222954181072566
1.5971750708568218,-34.18783469848509
1.6067057028062406,-65.92319521851516
1.6162363347556594,83.04536084723021
1.6186189927430155,-28.191564780176037
1.6067057028062406,-32.229869010873955
1.6281496246924343,-26.60071765899201
1.6352975986544989,81.08739515961909
1.6352975986544989,79.86366660486216
1.6352975986544989,77.17146378439688
1.6352975986544989,-24.642751971380903
1.62576696670508,-30.02715761231147
1.6333914722646137,-65.46633655807258
1.6448282306039177,83.04536084723021
1.647210888591272,-23.296650561148283
1.6352975986544989,-28.558683346603146
1.6562649889432217,-20.237329174255905
1.6543588625533365,-21.950549150915634
1.6495935465786262,-25.62173481518647
1.6543588625533365,-63.965229530904054
1.6638894945027554,81.08739515961909
1.6638894945027554,79.86366660486216
1.6638894945027554,77.17146378439688
1.6638894945027554,-18.11619967934388
1.6638894945027554,-65.10737618201057
1.6734201264521742,83.12694275088069
1.6734201264521742,-16.199024943557987
1.6638894945027554,-23.17427770567258
1.6848568847914782,-12.601262992572572
1.6829507584015948,-14.526595918723501
1.6734201264521742,-19.74783775235312
1.6829507584015948,-63.067828590748974
1.6924813903510136,81.08739515961909
1.6924813903510136,79.86366660486216
1.6924813903510136,77.17146378439688
1.694864048338368,-10.325127880724665
1.6829507584015948,-17.789872064742013
1.6924813903510136,-64.37313904915638
1.7020120223004325,83.2901065581816
1.7020120223004325,-7.38817934930799
1.7020120223004325,-8.979026470492016
1.6924813903510136,-16.076652088082312
1.7134487806397365,-5.258891664030898
1.7020120223004325,-12.405466423811475
1.7115426542498513,-62.33359145789481
1.7210732861992701,81.08739515961909
1.7210732861992701,79.86366660486216
1.7210732861992701,77.25304568804734
1.7234559441866262,-0.29055373171772203
1.7210732861992701,-1.9629827565522078
1.7210732861992701,-3.4314570222605596
1.7115426542498513,-10.202755025248962
1.7210732861992701,-63.63890191630222
1.730603918148689,83.2901065581816
1.732986576136045,1.5450391004177106
1.7210732861992701,-7.510552204783693
1.7401345500981096,3.4214228843783303
1.730603918148689,-5.5525865171725854
1.7425172080854638,-61.90528646372988
1.7496651820475284,81.08739515961909
1.7496651820475284,79.86366660486216
1.7496651820475284,77.41620949534827
1.7496651820475284,5.338597620164222
1.7401345500981096,-0.4129265871933967
1.7496651820475284,-62.823082879797596
1.7591958139969472,83.2901065581816
1.7591958139969472,9.00978328443506
1.7591958139969472,7.337354259600573
1.7496651820475284,2.0345305223204946
1.768726445946366,11.212494682997573
1.7591958139969472,3.992496209931602
1.7711091039337203,-61.109862903137866
1.778257077895785,81.08739515961909
1.778257077895785,79.86366660486216
1.778257077895785,77.49779139899873
1.78016320428567,13.341782368274664
1.768726445946366,6.439953319445493
1.778257077895785,-62.088845746943406
1.7877877098452037,83.12694275088069
1.7877877098452037,16.964018890355206
1.7877877098452037,15.495544624646868
1.778257077895785,9.866393272764924
1.7997009997819786,19.778594566296178
1.7973183417946244,18.18774744511215
1.7877877098452037,11.579613249424654
1.7992244681845078,-60.86511719218646
1.8092316317313974,80.84264944866771
1.8020836577693329,79.86366660486216
1.8068489737440432,77.74253710995012
1.8087551001339266,22.837915953188542
1.8068489737440432,21.124695976528812
1.7973183417946244,14.027070358938545
1.816379605693462,83.12694275088069
1.816379605693462,26.141983051032284
1.816379605693462,24.79588164079965
1.827816364032766,28.222321594119094
1.816379605693462,19.900967421771867
1.8259102376428809,-60.04929815568184
1.8354408695922997,80.59790373771632
1.8354408695922997,77.49779139899873
1.8373469959821849,32.13825296934132
1.8354408695922997,30.1802872817302
1.8259102376428809,23.327407375091312
1.8449715015417185,83.2901065581816
1.8468776279316037,36.05418434456354
1.8449715015417185,34.09621865695243
1.8564082598810225,40.45960714168854
1.8545021334911391,38.3384776467765
1.852596007101254,-59.005049788955915
1.864032765440558,80.72027659319201
1.864032765440558,77.41620949534827
1.864032765440558,42.58073663660058
1.8545021334911391,32.13825296934132
1.8735633973899768,83.37168846183206
1.8754695237798602,46.039809351380214
1.8735633973899768,44.049210902308914
1.864032765440558,36.54367576646632
1.88547668732675,49.63757130236563
1.8830940293393956,47.96514227753114
1.8735633973899768,40.94909856359132
1.8735633973899768,39.48062429788298
1.8811879029495122,-58.02606694515035
1.8926246612888145,80.59790373771632
1.8926246612888145,77.49779139899873
1.8926246612888145,52.57451983378229
1.8926246612888145,51.228418423549655
1.8830940293393956,42.662318540251036
1.9021552932382333,83.2901065581816
1.9040614196281185,56.12333264257744
1.9021552932382333,54.165366954966316
1.8926246612888145,45.8440127826191
1.911685925187654,60.161636873275356
1.911685925187654,58.4076259447904
1.9021552932382333,49.75994415784132
1.9093032672002979,-56.582067250537165
1.9212165571370727,81.08739515961909
1.9212165571370727,79.7820847012117
1.9212165571370727,77.41620949534827
1.9231226835269561,63.75939882426076
1.9212165571370727,61.83406589810984
1.911685925187654,52.20740126735521
1.9307471890864916,83.12694275088069
1.9331298470738458,67.50400820181702
1.9307471890864916,65.74999727333206
1.9212165571370727,57.10231548638299
1.9212165571370727,55.878586931626046
1.9402778210359104,70.44095673323368
1.9307471890864916,68.85010961204965
1.9307471890864916,60.03926401779965
1.9426604790232647,-55.11359298482884
1.9498084529853292,81.25055896692004
1.9450431370106207,79.74129374938646
1.9450431370106207,78.27281948367813
1.9402778210359104,77.17146378439688
1.9450431370106207,75.21349809678577
1.9450431370106207,73.74502383107743
1.9402778210359104,72.76604098727188
1.9402778210359104,63.95519539302188
1.959339084934748,83.53485226913298
1.9688697168841687,-53.522745863644815
1.9784003488335875,81.49530467787142
1.9879309807830063,83.61643417278346
1.9974616127324252,-52.05427159793646
2.006992244681844,81.57688658152188
2.016522876631263,83.77959798008439
2.02287663126421,-50.74896113952906
2.0355841405301023,81.74005038882281
2.045114772479521,83.77959798008439
2.045114772479521,-49.117323066519816
2.064176036378359,81.74005038882281
2.0737066683277776,83.77959798008439
2.068941352353069,-47.40410308986009
2.092767932226617,81.57688658152188
2.0880026162519068,-45.935628824151735
2.102298564176036,83.77959798008439
2.1070638801507444,-44.46715455844341
2.1213598280748736,81.57688658152188
2.1308904600242924,83.77959798008439
2.126125144049584,-42.99868029273509
2.1372442146572395,-41.44862412337628
2.149951723923132,81.57688658152188
2.1594823558725507,83.77959798008439
2.1547170398978404,-40.06173176131841
2.1690129878219695,-38.409698212396535
2.1785436197713883,81.74005038882281
2.188074251720807,83.77959798008439
2.1833089357460986,-36.75766466347466
2.1928395676955175,-35.28919039776633
2.2071355156196466,81.9847960997742
2.2071355156196466,-33.637156848844455
2.2166661475690654,83.77959798008439
2.2230199022020125,-31.332468070718875
2.2166661475690654,-32.47461472182536
2.235727411467903,82.06637800342466
2.235727411467903,-29.21133857580682
2.245258043417322,83.77959798008439
2.245258043417322,-27.57970050279758
2.2500233593920322,-26.111226237089255
2.2643193073161614,82.06637800342466
2.259553991341451,-24.642751971380903
2.27384993926558,83.77959798008439
2.2706730619491085,-22.929531994721202
2.2802036938985273,-20.808402499809148
2.292911203164418,82.06637800342466
2.289734325847946,-18.442527293945716
2.3024418351138367,83.86117988373485
2.299264957797365,-16.15823399173277
2.307207151088547,-13.873940689519799
2.321503099012676,82.06637800342466
2.3183262216962026,-10.936992158103124
2.3119724670632573,-12.405466423811475
2.331033730962095,84.02434369103577
2.3278568536456232,-8.734280759540638
2.337387485595042,-6.286823650026747
2.3500949948609327,82.06637800342466
2.3524776528482887,-1.20835014778541
2.345329678886224,-2.61563798575591
2.345329678886224,-3.961739395988559
2.3596256268103515,84.26908940198716
2.354860310835643,0.5660562566121428
2.369156258759772,2.4628355164853986
2.378686890709191,82.06637800342466
2.3739215747344806,4.23724192088298
2.3882175226586098,84.26908940198716
2.3882175226586098,7.541309018726736
2.3834522066838995,5.705716186591303
2.394571277291557,9.784811369114465
2.4072787865574474,82.06637800342466
2.4041019092409757,12.232268478628356
2.4168094185068663,84.26908940198716
2.4168094185068663,16.14819985385057
2.4136325411903945,14.190234166239463
2.426340050456287,18.921984577966313
2.4168094185068663,17.45351031225799
2.4358706824057057,82.22954181072558
2.4358706824057057,21.247068832004516
2.4454013143551245,84.10592559468623
2.4422244370386528,23.490571182392245
2.450166630329835,27.24333875031354
2.450166630329835,25.774864484605203
2.464462578253962,82.06637800342466
2.4596972622792537,30.1802872817302
2.4596972622792537,28.834185871497567
2.473993210203381,84.02434369103577
2.4708163328869093,33.28039962044781
2.4692278942286725,31.52638869196285
2.4835238421528016,37.03316718836909
2.4787585261780913,35.19757435623367
2.4930544741022205,82.06637800342466
2.4930544741022205,40.62277094898947
2.48828915812751,38.99113287598021
2.5025851060516393,83.94276178738531
2.497819790076929,43.39655567310521
2.497819790076929,41.928081407396874
2.5073504220263496,46.33350420452187
2.5073504220263496,44.98740279428924
2.521646369950477,82.06637800342466
2.521646369950477,50.902090808947804
2.5168810539757684,49.27045273593855
2.5168810539757684,47.80197847023021
2.531177001899896,84.02434369103577
2.5264116859251873,53.67587553306355
2.5264116859251873,52.20740126735521
2.535942317874606,56.61282406448021
2.535942317874606,55.14434979877187
2.5502382657987352,81.90321419612374
2.5470613884822617,61.18141066890614
2.545472949824025,59.42739974042118
2.5407076338493164,58.081298330188545
2.559768897748154,83.94276178738531
2.5550035817734438,63.4657039711191
2.566122652381101,66.32107059888531
2.559768897748154,64.93417823682744
2.559768897748154,62.24197541636215
2.581212819634348,81.69925943699758
2.581212819634348,71.54231243251493
2.57565328433052,69.50276484125337
2.569299529697573,68.36061819014688
2.5788301616469917,83.04536084723021
2.583595477621702,79.86366660486216
2.583595477621702,78.39519233915382
2.583595477621702,76.92671807344549
2.583595477621702,75.45824380773716
2.583595477621702,73.98976954202882
2.5788301616469917,72.76604098727188
